INFO:     Started server process [58511]
INFO:     Waiting for application startup.
INFO:     Application startup complete.
INFO:     Uvicorn running on http://0.0.0.0:8000 (Press CTRL+C to quit)
INFO:     127.0.0.1:64144 - "GET /api/health HTTP/1.1" 200 OK
INFO:     127.0.0.1:64148 - "GET /api/health HTTP/1.1" 200 OK
INFO:     127.0.0.1:64150 - "POST /api/auth/login HTTP/1.1" 200 OK
INFO:     127.0.0.1:64151 - "GET /api/system/status HTTP/1.1" 200 OK
INFO:     Started server process [58874]
INFO:     Waiting for application startup.
INFO:     Application startup complete.
INFO:     Uvicorn running on http://0.0.0.0:8000 (Press CTRL+C to quit)
INFO:     127.0.0.1:64528 - "GET /api/profiles HTTP/1.1" 200 OK
INFO:     127.0.0.1:64548 - "GET /api/system/status HTTP/1.1" 200 OK
INFO:     127.0.0.1:64599 - "GET /api/system/status HTTP/1.1" 500 Internal Server Error
ERROR:    Exception in ASGI application
Traceback (most recent call last):
  File "/Users/jiangshengping/wwwroot/shenzhen/spectrum/algorithm/projects/数据融合/prod/visual_server/backend/.venv/lib/python3.10/site-packages/sqlalchemy/engine/base.py", line 146, in __init__
    self._dbapi_connection = engine.raw_connection()
  File "/Users/jiangshengping/wwwroot/shenzhen/spectrum/algorithm/projects/数据融合/prod/visual_server/backend/.venv/lib/python3.10/site-packages/sqlalchemy/engine/base.py", line 3302, in raw_connection
    return self.pool.connect()
  File "/Users/jiangshengping/wwwroot/shenzhen/spectrum/algorithm/projects/数据融合/prod/visual_server/backend/.venv/lib/python3.10/site-packages/sqlalchemy/pool/base.py", line 449, in connect
    return _ConnectionFairy._checkout(self)
  File "/Users/jiangshengping/wwwroot/shenzhen/spectrum/algorithm/projects/数据融合/prod/visual_server/backend/.venv/lib/python3.10/site-packages/sqlalchemy/pool/base.py", line 1263, in _checkout
    fairy = _ConnectionRecord.checkout(pool)
  File "/Users/jiangshengping/wwwroot/shenzhen/spectrum/algorithm/projects/数据融合/prod/visual_server/backend/.venv/lib/python3.10/site-packages/sqlalchemy/pool/base.py", line 712, in checkout
    rec = pool._do_get()
  File "/Users/jiangshengping/wwwroot/shenzhen/spectrum/algorithm/projects/数据融合/prod/visual_server/backend/.venv/lib/python3.10/site-packages/sqlalchemy/pool/impl.py", line 179, in _do_get
    with util.safe_reraise():
  File "/Users/jiangshengping/wwwroot/shenzhen/spectrum/algorithm/projects/数据融合/prod/visual_server/backend/.venv/lib/python3.10/site-packages/sqlalchemy/util/langhelpers.py", line 146, in __exit__
    raise exc_value.with_traceback(exc_tb)
  File "/Users/jiangshengping/wwwroot/shenzhen/spectrum/algorithm/projects/数据融合/prod/visual_server/backend/.venv/lib/python3.10/site-packages/sqlalchemy/pool/impl.py", line 177, in _do_get
    return self._create_connection()
  File "/Users/jiangshengping/wwwroot/shenzhen/spectrum/algorithm/projects/数据融合/prod/visual_server/backend/.venv/lib/python3.10/site-packages/sqlalchemy/pool/base.py", line 390, in _create_connection
    return _ConnectionRecord(self)
  File "/Users/jiangshengping/wwwroot/shenzhen/spectrum/algorithm/projects/数据融合/prod/visual_server/backend/.venv/lib/python3.10/site-packages/sqlalchemy/pool/base.py", line 674, in __init__
    self.__connect()
  File "/Users/jiangshengping/wwwroot/shenzhen/spectrum/algorithm/projects/数据融合/prod/visual_server/backend/.venv/lib/python3.10/site-packages/sqlalchemy/pool/base.py", line 900, in __connect
    with util.safe_reraise():
  File "/Users/jiangshengping/wwwroot/shenzhen/spectrum/algorithm/projects/数据融合/prod/visual_server/backend/.venv/lib/python3.10/site-packages/sqlalchemy/util/langhelpers.py", line 146, in __exit__
    raise exc_value.with_traceback(exc_tb)
  File "/Users/jiangshengping/wwwroot/shenzhen/spectrum/algorithm/projects/数据融合/prod/visual_server/backend/.venv/lib/python3.10/site-packages/sqlalchemy/pool/base.py", line 896, in __connect
    self.dbapi_connection = connection = pool._invoke_creator(self)
  File "/Users/jiangshengping/wwwroot/shenzhen/spectrum/algorithm/projects/数据融合/prod/visual_server/backend/.venv/lib/python3.10/site-packages/sqlalchemy/engine/create.py", line 643, in connect
    return dialect.connect(*cargs, **cparams)
  File "/Users/jiangshengping/wwwroot/shenzhen/spectrum/algorithm/projects/数据融合/prod/visual_server/backend/.venv/lib/python3.10/site-packages/sqlalchemy/engine/default.py", line 621, in connect
    return self.loaded_dbapi.connect(*cargs, **cparams)
  File "/Users/jiangshengping/wwwroot/shenzhen/spectrum/algorithm/projects/数据融合/prod/visual_server/backend/.venv/lib/python3.10/site-packages/psycopg/connection.py", line 119, in connect
    raise last_ex.with_traceback(None)
psycopg.errors.ConnectionTimeout: connection timeout expired

The above exception was the direct cause of the following exception:

Traceback (most recent call last):
  File "/Users/jiangshengping/wwwroot/shenzhen/spectrum/algorithm/projects/数据融合/prod/visual_server/backend/app/db.py", line 33, in get_db
    db.execute(text("SELECT 1"))
  File "/Users/jiangshengping/wwwroot/shenzhen/spectrum/algorithm/projects/数据融合/prod/visual_server/backend/.venv/lib/python3.10/site-packages/sqlalchemy/orm/session.py", line 2362, in execute
    return self._execute_internal(
  File "/Users/jiangshengping/wwwroot/shenzhen/spectrum/algorithm/projects/数据融合/prod/visual_server/backend/.venv/lib/python3.10/site-packages/sqlalchemy/orm/session.py", line 2237, in _execute_internal
    conn = self._connection_for_bind(bind)
  File "/Users/jiangshengping/wwwroot/shenzhen/spectrum/algorithm/projects/数据融合/prod/visual_server/backend/.venv/lib/python3.10/site-packages/sqlalchemy/orm/session.py", line 2106, in _connection_for_bind
    return trans._connection_for_bind(engine, execution_options)
  File "<string>", line 2, in _connection_for_bind
  File "/Users/jiangshengping/wwwroot/shenzhen/spectrum/algorithm/projects/数据融合/prod/visual_server/backend/.venv/lib/python3.10/site-packages/sqlalchemy/orm/state_changes.py", line 139, in _go
    ret_value = fn(self, *arg, **kw)
  File "/Users/jiangshengping/wwwroot/shenzhen/spectrum/algorithm/projects/数据融合/prod/visual_server/backend/.venv/lib/python3.10/site-packages/sqlalchemy/orm/session.py", line 1189, in _connection_for_bind
    conn = bind.connect()
  File "/Users/jiangshengping/wwwroot/shenzhen/spectrum/algorithm/projects/数据融合/prod/visual_server/backend/.venv/lib/python3.10/site-packages/sqlalchemy/engine/base.py", line 3278, in connect
    return self._connection_cls(self)
  File "/Users/jiangshengping/wwwroot/shenzhen/spectrum/algorithm/projects/数据融合/prod/visual_server/backend/.venv/lib/python3.10/site-packages/sqlalchemy/engine/base.py", line 148, in __init__
    Connection._handle_dbapi_exception_noconnection(
  File "/Users/jiangshengping/wwwroot/shenzhen/spectrum/algorithm/projects/数据融合/prod/visual_server/backend/.venv/lib/python3.10/site-packages/sqlalchemy/engine/base.py", line 2442, in _handle_dbapi_exception_noconnection
    raise sqlalchemy_exception.with_traceback(exc_info[2]) from e
  File "/Users/jiangshengping/wwwroot/shenzhen/spectrum/algorithm/projects/数据融合/prod/visual_server/backend/.venv/lib/python3.10/site-packages/sqlalchemy/engine/base.py", line 146, in __init__
    self._dbapi_connection = engine.raw_connection()
  File "/Users/jiangshengping/wwwroot/shenzhen/spectrum/algorithm/projects/数据融合/prod/visual_server/backend/.venv/lib/python3.10/site-packages/sqlalchemy/engine/base.py", line 3302, in raw_connection
    return self.pool.connect()
  File "/Users/jiangshengping/wwwroot/shenzhen/spectrum/algorithm/projects/数据融合/prod/visual_server/backend/.venv/lib/python3.10/site-packages/sqlalchemy/pool/base.py", line 449, in connect
    return _ConnectionFairy._checkout(self)
  File "/Users/jiangshengping/wwwroot/shenzhen/spectrum/algorithm/projects/数据融合/prod/visual_server/backend/.venv/lib/python3.10/site-packages/sqlalchemy/pool/base.py", line 1263, in _checkout
    fairy = _ConnectionRecord.checkout(pool)
  File "/Users/jiangshengping/wwwroot/shenzhen/spectrum/algorithm/projects/数据融合/prod/visual_server/backend/.venv/lib/python3.10/site-packages/sqlalchemy/pool/base.py", line 712, in checkout
    rec = pool._do_get()
  File "/Users/jiangshengping/wwwroot/shenzhen/spectrum/algorithm/projects/数据融合/prod/visual_server/backend/.venv/lib/python3.10/site-packages/sqlalchemy/pool/impl.py", line 179, in _do_get
    with util.safe_reraise():
  File "/Users/jiangshengping/wwwroot/shenzhen/spectrum/algorithm/projects/数据融合/prod/visual_server/backend/.venv/lib/python3.10/site-packages/sqlalchemy/util/langhelpers.py", line 146, in __exit__
    raise exc_value.with_traceback(exc_tb)
  File "/Users/jiangshengping/wwwroot/shenzhen/spectrum/algorithm/projects/数据融合/prod/visual_server/backend/.venv/lib/python3.10/site-packages/sqlalchemy/pool/impl.py", line 177, in _do_get
    return self._create_connection()
  File "/Users/jiangshengping/wwwroot/shenzhen/spectrum/algorithm/projects/数据融合/prod/visual_server/backend/.venv/lib/python3.10/site-packages/sqlalchemy/pool/base.py", line 390, in _create_connection
    return _ConnectionRecord(self)
  File "/Users/jiangshengping/wwwroot/shenzhen/spectrum/algorithm/projects/数据融合/prod/visual_server/backend/.venv/lib/python3.10/site-packages/sqlalchemy/pool/base.py", line 674, in __init__
    self.__connect()
  File "/Users/jiangshengping/wwwroot/shenzhen/spectrum/algorithm/projects/数据融合/prod/visual_server/backend/.venv/lib/python3.10/site-packages/sqlalchemy/pool/base.py", line 900, in __connect
    with util.safe_reraise():
  File "/Users/jiangshengping/wwwroot/shenzhen/spectrum/algorithm/projects/数据融合/prod/visual_server/backend/.venv/lib/python3.10/site-packages/sqlalchemy/util/langhelpers.py", line 146, in __exit__
    raise exc_value.with_traceback(exc_tb)
  File "/Users/jiangshengping/wwwroot/shenzhen/spectrum/algorithm/projects/数据融合/prod/visual_server/backend/.venv/lib/python3.10/site-packages/sqlalchemy/pool/base.py", line 896, in __connect
    self.dbapi_connection = connection = pool._invoke_creator(self)
  File "/Users/jiangshengping/wwwroot/shenzhen/spectrum/algorithm/projects/数据融合/prod/visual_server/backend/.venv/lib/python3.10/site-packages/sqlalchemy/engine/create.py", line 643, in connect
    return dialect.connect(*cargs, **cparams)
  File "/Users/jiangshengping/wwwroot/shenzhen/spectrum/algorithm/projects/数据融合/prod/visual_server/backend/.venv/lib/python3.10/site-packages/sqlalchemy/engine/default.py", line 621, in connect
    return self.loaded_dbapi.connect(*cargs, **cparams)
  File "/Users/jiangshengping/wwwroot/shenzhen/spectrum/algorithm/projects/数据融合/prod/visual_server/backend/.venv/lib/python3.10/site-packages/psycopg/connection.py", line 119, in connect
    raise last_ex.with_traceback(None)
sqlalchemy.exc.OperationalError: (psycopg.errors.ConnectionTimeout) connection timeout expired
(Background on this error at: https://sqlalche.me/e/20/e3q8)

During handling of the above exception, another exception occurred:

Traceback (most recent call last):
  File "/Users/jiangshengping/wwwroot/shenzhen/spectrum/algorithm/projects/数据融合/prod/visual_server/backend/.venv/lib/python3.10/site-packages/sqlalchemy/engine/base.py", line 146, in __init__
    self._dbapi_connection = engine.raw_connection()
  File "/Users/jiangshengping/wwwroot/shenzhen/spectrum/algorithm/projects/数据融合/prod/visual_server/backend/.venv/lib/python3.10/site-packages/sqlalchemy/engine/base.py", line 3302, in raw_connection
    return self.pool.connect()
  File "/Users/jiangshengping/wwwroot/shenzhen/spectrum/algorithm/projects/数据融合/prod/visual_server/backend/.venv/lib/python3.10/site-packages/sqlalchemy/pool/base.py", line 449, in connect
    return _ConnectionFairy._checkout(self)
  File "/Users/jiangshengping/wwwroot/shenzhen/spectrum/algorithm/projects/数据融合/prod/visual_server/backend/.venv/lib/python3.10/site-packages/sqlalchemy/pool/base.py", line 1263, in _checkout
    fairy = _ConnectionRecord.checkout(pool)
  File "/Users/jiangshengping/wwwroot/shenzhen/spectrum/algorithm/projects/数据融合/prod/visual_server/backend/.venv/lib/python3.10/site-packages/sqlalchemy/pool/base.py", line 712, in checkout
    rec = pool._do_get()
  File "/Users/jiangshengping/wwwroot/shenzhen/spectrum/algorithm/projects/数据融合/prod/visual_server/backend/.venv/lib/python3.10/site-packages/sqlalchemy/pool/impl.py", line 179, in _do_get
    with util.safe_reraise():
  File "/Users/jiangshengping/wwwroot/shenzhen/spectrum/algorithm/projects/数据融合/prod/visual_server/backend/.venv/lib/python3.10/site-packages/sqlalchemy/util/langhelpers.py", line 146, in __exit__
    raise exc_value.with_traceback(exc_tb)
  File "/Users/jiangshengping/wwwroot/shenzhen/spectrum/algorithm/projects/数据融合/prod/visual_server/backend/.venv/lib/python3.10/site-packages/sqlalchemy/pool/impl.py", line 177, in _do_get
    return self._create_connection()
  File "/Users/jiangshengping/wwwroot/shenzhen/spectrum/algorithm/projects/数据融合/prod/visual_server/backend/.venv/lib/python3.10/site-packages/sqlalchemy/pool/base.py", line 390, in _create_connection
    return _ConnectionRecord(self)
  File "/Users/jiangshengping/wwwroot/shenzhen/spectrum/algorithm/projects/数据融合/prod/visual_server/backend/.venv/lib/python3.10/site-packages/sqlalchemy/pool/base.py", line 674, in __init__
    self.__connect()
  File "/Users/jiangshengping/wwwroot/shenzhen/spectrum/algorithm/projects/数据融合/prod/visual_server/backend/.venv/lib/python3.10/site-packages/sqlalchemy/pool/base.py", line 900, in __connect
    with util.safe_reraise():
  File "/Users/jiangshengping/wwwroot/shenzhen/spectrum/algorithm/projects/数据融合/prod/visual_server/backend/.venv/lib/python3.10/site-packages/sqlalchemy/util/langhelpers.py", line 146, in __exit__
    raise exc_value.with_traceback(exc_tb)
  File "/Users/jiangshengping/wwwroot/shenzhen/spectrum/algorithm/projects/数据融合/prod/visual_server/backend/.venv/lib/python3.10/site-packages/sqlalchemy/pool/base.py", line 896, in __connect
    self.dbapi_connection = connection = pool._invoke_creator(self)
  File "/Users/jiangshengping/wwwroot/shenzhen/spectrum/algorithm/projects/数据融合/prod/visual_server/backend/.venv/lib/python3.10/site-packages/sqlalchemy/engine/create.py", line 643, in connect
    return dialect.connect(*cargs, **cparams)
  File "/Users/jiangshengping/wwwroot/shenzhen/spectrum/algorithm/projects/数据融合/prod/visual_server/backend/.venv/lib/python3.10/site-packages/sqlalchemy/engine/default.py", line 621, in connect
    return self.loaded_dbapi.connect(*cargs, **cparams)
  File "/Users/jiangshengping/wwwroot/shenzhen/spectrum/algorithm/projects/数据融合/prod/visual_server/backend/.venv/lib/python3.10/site-packages/psycopg/connection.py", line 119, in connect
    raise last_ex.with_traceback(None)
psycopg.errors.ConnectionTimeout: connection timeout expired

The above exception was the direct cause of the following exception:

Traceback (most recent call last):
  File "/Users/jiangshengping/wwwroot/shenzhen/spectrum/algorithm/projects/数据融合/prod/visual_server/backend/.venv/lib/python3.10/site-packages/uvicorn/protocols/http/httptools_impl.py", line 409, in run_asgi
    result = await app(  # type: ignore[func-returns-value]
  File "/Users/jiangshengping/wwwroot/shenzhen/spectrum/algorithm/projects/数据融合/prod/visual_server/backend/.venv/lib/python3.10/site-packages/uvicorn/middleware/proxy_headers.py", line 60, in __call__
    return await self.app(scope, receive, send)
  File "/Users/jiangshengping/wwwroot/shenzhen/spectrum/algorithm/projects/数据融合/prod/visual_server/backend/.venv/lib/python3.10/site-packages/fastapi/applications.py", line 1054, in __call__
    await super().__call__(scope, receive, send)
  File "/Users/jiangshengping/wwwroot/shenzhen/spectrum/algorithm/projects/数据融合/prod/visual_server/backend/.venv/lib/python3.10/site-packages/starlette/applications.py", line 113, in __call__
    await self.middleware_stack(scope, receive, send)
  File "/Users/jiangshengping/wwwroot/shenzhen/spectrum/algorithm/projects/数据融合/prod/visual_server/backend/.venv/lib/python3.10/site-packages/starlette/middleware/errors.py", line 187, in __call__
    raise exc
  File "/Users/jiangshengping/wwwroot/shenzhen/spectrum/algorithm/projects/数据融合/prod/visual_server/backend/.venv/lib/python3.10/site-packages/starlette/middleware/errors.py", line 165, in __call__
    await self.app(scope, receive, _send)
  File "/Users/jiangshengping/wwwroot/shenzhen/spectrum/algorithm/projects/数据融合/prod/visual_server/backend/.venv/lib/python3.10/site-packages/starlette/middleware/cors.py", line 85, in __call__
    await self.app(scope, receive, send)
  File "/Users/jiangshengping/wwwroot/shenzhen/spectrum/algorithm/projects/数据融合/prod/visual_server/backend/.venv/lib/python3.10/site-packages/starlette/middleware/exceptions.py", line 62, in __call__
    await wrap_app_handling_exceptions(self.app, conn)(scope, receive, send)
  File "/Users/jiangshengping/wwwroot/shenzhen/spectrum/algorithm/projects/数据融合/prod/visual_server/backend/.venv/lib/python3.10/site-packages/starlette/_exception_handler.py", line 53, in wrapped_app
    raise exc
  File "/Users/jiangshengping/wwwroot/shenzhen/spectrum/algorithm/projects/数据融合/prod/visual_server/backend/.venv/lib/python3.10/site-packages/starlette/_exception_handler.py", line 42, in wrapped_app
    await app(scope, receive, sender)
  File "/Users/jiangshengping/wwwroot/shenzhen/spectrum/algorithm/projects/数据融合/prod/visual_server/backend/.venv/lib/python3.10/site-packages/starlette/routing.py", line 715, in __call__
    await self.middleware_stack(scope, receive, send)
  File "/Users/jiangshengping/wwwroot/shenzhen/spectrum/algorithm/projects/数据融合/prod/visual_server/backend/.venv/lib/python3.10/site-packages/starlette/routing.py", line 735, in app
    await route.handle(scope, receive, send)
  File "/Users/jiangshengping/wwwroot/shenzhen/spectrum/algorithm/projects/数据融合/prod/visual_server/backend/.venv/lib/python3.10/site-packages/starlette/routing.py", line 288, in handle
    await self.app(scope, receive, send)
  File "/Users/jiangshengping/wwwroot/shenzhen/spectrum/algorithm/projects/数据融合/prod/visual_server/backend/.venv/lib/python3.10/site-packages/starlette/routing.py", line 76, in app
    await wrap_app_handling_exceptions(app, request)(scope, receive, send)
  File "/Users/jiangshengping/wwwroot/shenzhen/spectrum/algorithm/projects/数据融合/prod/visual_server/backend/.venv/lib/python3.10/site-packages/starlette/_exception_handler.py", line 53, in wrapped_app
    raise exc
  File "/Users/jiangshengping/wwwroot/shenzhen/spectrum/algorithm/projects/数据融合/prod/visual_server/backend/.venv/lib/python3.10/site-packages/starlette/_exception_handler.py", line 42, in wrapped_app
    await app(scope, receive, sender)
  File "/Users/jiangshengping/wwwroot/shenzhen/spectrum/algorithm/projects/数据融合/prod/visual_server/backend/.venv/lib/python3.10/site-packages/starlette/routing.py", line 73, in app
    response = await f(request)
  File "/Users/jiangshengping/wwwroot/shenzhen/spectrum/algorithm/projects/数据融合/prod/visual_server/backend/.venv/lib/python3.10/site-packages/fastapi/routing.py", line 291, in app
    solved_result = await solve_dependencies(
  File "/Users/jiangshengping/wwwroot/shenzhen/spectrum/algorithm/projects/数据融合/prod/visual_server/backend/.venv/lib/python3.10/site-packages/fastapi/dependencies/utils.py", line 634, in solve_dependencies
    solved = await solve_generator(
  File "/Users/jiangshengping/wwwroot/shenzhen/spectrum/algorithm/projects/数据融合/prod/visual_server/backend/.venv/lib/python3.10/site-packages/fastapi/dependencies/utils.py", line 560, in solve_generator
    return await stack.enter_async_context(cm)
  File "/Library/Frameworks/Python.framework/Versions/3.10/lib/python3.10/contextlib.py", line 619, in enter_async_context
    result = await _cm_type.__aenter__(cm)
  File "/Library/Frameworks/Python.framework/Versions/3.10/lib/python3.10/contextlib.py", line 199, in __aenter__
    return await anext(self.gen)
  File "/Users/jiangshengping/wwwroot/shenzhen/spectrum/algorithm/projects/数据融合/prod/visual_server/backend/.venv/lib/python3.10/site-packages/fastapi/concurrency.py", line 35, in contextmanager_in_threadpool
    raise e
  File "/Library/Frameworks/Python.framework/Versions/3.10/lib/python3.10/contextlib.py", line 153, in __exit__
    self.gen.throw(typ, value, traceback)
  File "/Users/jiangshengping/wwwroot/shenzhen/spectrum/algorithm/projects/数据融合/prod/visual_server/backend/.venv/lib/python3.10/site-packages/fastapi/concurrency.py", line 27, in contextmanager_in_threadpool
    yield await run_in_threadpool(cm.__enter__)
  File "/Users/jiangshengping/wwwroot/shenzhen/spectrum/algorithm/projects/数据融合/prod/visual_server/backend/.venv/lib/python3.10/site-packages/starlette/concurrency.py", line 39, in run_in_threadpool
    return await anyio.to_thread.run_sync(func, *args)
  File "/Users/jiangshengping/wwwroot/shenzhen/spectrum/algorithm/projects/数据融合/prod/visual_server/backend/.venv/lib/python3.10/site-packages/anyio/to_thread.py", line 65, in run_sync
    return await get_async_backend().run_sync_in_worker_thread(
  File "/Users/jiangshengping/wwwroot/shenzhen/spectrum/algorithm/projects/数据融合/prod/visual_server/backend/.venv/lib/python3.10/site-packages/anyio/_backends/_asyncio.py", line 2706, in run_sync_in_worker_thread
    return await future
  File "/Users/jiangshengping/wwwroot/shenzhen/spectrum/algorithm/projects/数据融合/prod/visual_server/backend/.venv/lib/python3.10/site-packages/anyio/_backends/_asyncio.py", line 1100, in run
    result = context.run(func, *args)
  File "/Library/Frameworks/Python.framework/Versions/3.10/lib/python3.10/contextlib.py", line 135, in __enter__
    return next(self.gen)
  File "/Users/jiangshengping/wwwroot/shenzhen/spectrum/algorithm/projects/数据融合/prod/visual_server/backend/app/db.py", line 38, in get_db
    db.execute(text("SELECT 1"))
  File "/Users/jiangshengping/wwwroot/shenzhen/spectrum/algorithm/projects/数据融合/prod/visual_server/backend/.venv/lib/python3.10/site-packages/sqlalchemy/orm/session.py", line 2362, in execute
    return self._execute_internal(
  File "/Users/jiangshengping/wwwroot/shenzhen/spectrum/algorithm/projects/数据融合/prod/visual_server/backend/.venv/lib/python3.10/site-packages/sqlalchemy/orm/session.py", line 2237, in _execute_internal
    conn = self._connection_for_bind(bind)
  File "/Users/jiangshengping/wwwroot/shenzhen/spectrum/algorithm/projects/数据融合/prod/visual_server/backend/.venv/lib/python3.10/site-packages/sqlalchemy/orm/session.py", line 2106, in _connection_for_bind
    return trans._connection_for_bind(engine, execution_options)
  File "<string>", line 2, in _connection_for_bind
  File "/Users/jiangshengping/wwwroot/shenzhen/spectrum/algorithm/projects/数据融合/prod/visual_server/backend/.venv/lib/python3.10/site-packages/sqlalchemy/orm/state_changes.py", line 139, in _go
    ret_value = fn(self, *arg, **kw)
  File "/Users/jiangshengping/wwwroot/shenzhen/spectrum/algorithm/projects/数据融合/prod/visual_server/backend/.venv/lib/python3.10/site-packages/sqlalchemy/orm/session.py", line 1189, in _connection_for_bind
    conn = bind.connect()
  File "/Users/jiangshengping/wwwroot/shenzhen/spectrum/algorithm/projects/数据融合/prod/visual_server/backend/.venv/lib/python3.10/site-packages/sqlalchemy/engine/base.py", line 3278, in connect
    return self._connection_cls(self)
  File "/Users/jiangshengping/wwwroot/shenzhen/spectrum/algorithm/projects/数据融合/prod/visual_server/backend/.venv/lib/python3.10/site-packages/sqlalchemy/engine/base.py", line 148, in __init__
    Connection._handle_dbapi_exception_noconnection(
  File "/Users/jiangshengping/wwwroot/shenzhen/spectrum/algorithm/projects/数据融合/prod/visual_server/backend/.venv/lib/python3.10/site-packages/sqlalchemy/engine/base.py", line 2442, in _handle_dbapi_exception_noconnection
    raise sqlalchemy_exception.with_traceback(exc_info[2]) from e
  File "/Users/jiangshengping/wwwroot/shenzhen/spectrum/algorithm/projects/数据融合/prod/visual_server/backend/.venv/lib/python3.10/site-packages/sqlalchemy/engine/base.py", line 146, in __init__
    self._dbapi_connection = engine.raw_connection()
  File "/Users/jiangshengping/wwwroot/shenzhen/spectrum/algorithm/projects/数据融合/prod/visual_server/backend/.venv/lib/python3.10/site-packages/sqlalchemy/engine/base.py", line 3302, in raw_connection
    return self.pool.connect()
  File "/Users/jiangshengping/wwwroot/shenzhen/spectrum/algorithm/projects/数据融合/prod/visual_server/backend/.venv/lib/python3.10/site-packages/sqlalchemy/pool/base.py", line 449, in connect
    return _ConnectionFairy._checkout(self)
  File "/Users/jiangshengping/wwwroot/shenzhen/spectrum/algorithm/projects/数据融合/prod/visual_server/backend/.venv/lib/python3.10/site-packages/sqlalchemy/pool/base.py", line 1263, in _checkout
    fairy = _ConnectionRecord.checkout(pool)
  File "/Users/jiangshengping/wwwroot/shenzhen/spectrum/algorithm/projects/数据融合/prod/visual_server/backend/.venv/lib/python3.10/site-packages/sqlalchemy/pool/base.py", line 712, in checkout
    rec = pool._do_get()
  File "/Users/jiangshengping/wwwroot/shenzhen/spectrum/algorithm/projects/数据融合/prod/visual_server/backend/.venv/lib/python3.10/site-packages/sqlalchemy/pool/impl.py", line 179, in _do_get
    with util.safe_reraise():
  File "/Users/jiangshengping/wwwroot/shenzhen/spectrum/algorithm/projects/数据融合/prod/visual_server/backend/.venv/lib/python3.10/site-packages/sqlalchemy/util/langhelpers.py", line 146, in __exit__
    raise exc_value.with_traceback(exc_tb)
  File "/Users/jiangshengping/wwwroot/shenzhen/spectrum/algorithm/projects/数据融合/prod/visual_server/backend/.venv/lib/python3.10/site-packages/sqlalchemy/pool/impl.py", line 177, in _do_get
    return self._create_connection()
  File "/Users/jiangshengping/wwwroot/shenzhen/spectrum/algorithm/projects/数据融合/prod/visual_server/backend/.venv/lib/python3.10/site-packages/sqlalchemy/pool/base.py", line 390, in _create_connection
    return _ConnectionRecord(self)
  File "/Users/jiangshengping/wwwroot/shenzhen/spectrum/algorithm/projects/数据融合/prod/visual_server/backend/.venv/lib/python3.10/site-packages/sqlalchemy/pool/base.py", line 674, in __init__
    self.__connect()
  File "/Users/jiangshengping/wwwroot/shenzhen/spectrum/algorithm/projects/数据融合/prod/visual_server/backend/.venv/lib/python3.10/site-packages/sqlalchemy/pool/base.py", line 900, in __connect
    with util.safe_reraise():
  File "/Users/jiangshengping/wwwroot/shenzhen/spectrum/algorithm/projects/数据融合/prod/visual_server/backend/.venv/lib/python3.10/site-packages/sqlalchemy/util/langhelpers.py", line 146, in __exit__
    raise exc_value.with_traceback(exc_tb)
  File "/Users/jiangshengping/wwwroot/shenzhen/spectrum/algorithm/projects/数据融合/prod/visual_server/backend/.venv/lib/python3.10/site-packages/sqlalchemy/pool/base.py", line 896, in __connect
    self.dbapi_connection = connection = pool._invoke_creator(self)
  File "/Users/jiangshengping/wwwroot/shenzhen/spectrum/algorithm/projects/数据融合/prod/visual_server/backend/.venv/lib/python3.10/site-packages/sqlalchemy/engine/create.py", line 643, in connect
    return dialect.connect(*cargs, **cparams)
  File "/Users/jiangshengping/wwwroot/shenzhen/spectrum/algorithm/projects/数据融合/prod/visual_server/backend/.venv/lib/python3.10/site-packages/sqlalchemy/engine/default.py", line 621, in connect
    return self.loaded_dbapi.connect(*cargs, **cparams)
  File "/Users/jiangshengping/wwwroot/shenzhen/spectrum/algorithm/projects/数据融合/prod/visual_server/backend/.venv/lib/python3.10/site-packages/psycopg/connection.py", line 119, in connect
    raise last_ex.with_traceback(None)
sqlalchemy.exc.OperationalError: (psycopg.errors.ConnectionTimeout) connection timeout expired
(Background on this error at: https://sqlalche.me/e/20/e3q8)
INFO:     127.0.0.1:64970 - "GET /api/system/status HTTP/1.1" 500 Internal Server Error
ERROR:    Exception in ASGI application
Traceback (most recent call last):
  File "/Users/jiangshengping/wwwroot/shenzhen/spectrum/algorithm/projects/数据融合/prod/visual_server/backend/.venv/lib/python3.10/site-packages/sqlalchemy/engine/base.py", line 146, in __init__
    self._dbapi_connection = engine.raw_connection()
  File "/Users/jiangshengping/wwwroot/shenzhen/spectrum/algorithm/projects/数据融合/prod/visual_server/backend/.venv/lib/python3.10/site-packages/sqlalchemy/engine/base.py", line 3302, in raw_connection
    return self.pool.connect()
  File "/Users/jiangshengping/wwwroot/shenzhen/spectrum/algorithm/projects/数据融合/prod/visual_server/backend/.venv/lib/python3.10/site-packages/sqlalchemy/pool/base.py", line 449, in connect
    return _ConnectionFairy._checkout(self)
  File "/Users/jiangshengping/wwwroot/shenzhen/spectrum/algorithm/projects/数据融合/prod/visual_server/backend/.venv/lib/python3.10/site-packages/sqlalchemy/pool/base.py", line 1263, in _checkout
    fairy = _ConnectionRecord.checkout(pool)
  File "/Users/jiangshengping/wwwroot/shenzhen/spectrum/algorithm/projects/数据融合/prod/visual_server/backend/.venv/lib/python3.10/site-packages/sqlalchemy/pool/base.py", line 712, in checkout
    rec = pool._do_get()
  File "/Users/jiangshengping/wwwroot/shenzhen/spectrum/algorithm/projects/数据融合/prod/visual_server/backend/.venv/lib/python3.10/site-packages/sqlalchemy/pool/impl.py", line 179, in _do_get
    with util.safe_reraise():
  File "/Users/jiangshengping/wwwroot/shenzhen/spectrum/algorithm/projects/数据融合/prod/visual_server/backend/.venv/lib/python3.10/site-packages/sqlalchemy/util/langhelpers.py", line 146, in __exit__
    raise exc_value.with_traceback(exc_tb)
  File "/Users/jiangshengping/wwwroot/shenzhen/spectrum/algorithm/projects/数据融合/prod/visual_server/backend/.venv/lib/python3.10/site-packages/sqlalchemy/pool/impl.py", line 177, in _do_get
    return self._create_connection()
  File "/Users/jiangshengping/wwwroot/shenzhen/spectrum/algorithm/projects/数据融合/prod/visual_server/backend/.venv/lib/python3.10/site-packages/sqlalchemy/pool/base.py", line 390, in _create_connection
    return _ConnectionRecord(self)
  File "/Users/jiangshengping/wwwroot/shenzhen/spectrum/algorithm/projects/数据融合/prod/visual_server/backend/.venv/lib/python3.10/site-packages/sqlalchemy/pool/base.py", line 674, in __init__
    self.__connect()
  File "/Users/jiangshengping/wwwroot/shenzhen/spectrum/algorithm/projects/数据融合/prod/visual_server/backend/.venv/lib/python3.10/site-packages/sqlalchemy/pool/base.py", line 900, in __connect
    with util.safe_reraise():
  File "/Users/jiangshengping/wwwroot/shenzhen/spectrum/algorithm/projects/数据融合/prod/visual_server/backend/.venv/lib/python3.10/site-packages/sqlalchemy/util/langhelpers.py", line 146, in __exit__
    raise exc_value.with_traceback(exc_tb)
  File "/Users/jiangshengping/wwwroot/shenzhen/spectrum/algorithm/projects/数据融合/prod/visual_server/backend/.venv/lib/python3.10/site-packages/sqlalchemy/pool/base.py", line 896, in __connect
    self.dbapi_connection = connection = pool._invoke_creator(self)
  File "/Users/jiangshengping/wwwroot/shenzhen/spectrum/algorithm/projects/数据融合/prod/visual_server/backend/.venv/lib/python3.10/site-packages/sqlalchemy/engine/create.py", line 643, in connect
    return dialect.connect(*cargs, **cparams)
  File "/Users/jiangshengping/wwwroot/shenzhen/spectrum/algorithm/projects/数据融合/prod/visual_server/backend/.venv/lib/python3.10/site-packages/sqlalchemy/engine/default.py", line 621, in connect
    return self.loaded_dbapi.connect(*cargs, **cparams)
  File "/Users/jiangshengping/wwwroot/shenzhen/spectrum/algorithm/projects/数据融合/prod/visual_server/backend/.venv/lib/python3.10/site-packages/psycopg/connection.py", line 119, in connect
    raise last_ex.with_traceback(None)
psycopg.errors.ConnectionTimeout: connection timeout expired

The above exception was the direct cause of the following exception:

Traceback (most recent call last):
  File "/Users/jiangshengping/wwwroot/shenzhen/spectrum/algorithm/projects/数据融合/prod/visual_server/backend/app/db.py", line 33, in get_db
    db.execute(text("SELECT 1"))
  File "/Users/jiangshengping/wwwroot/shenzhen/spectrum/algorithm/projects/数据融合/prod/visual_server/backend/.venv/lib/python3.10/site-packages/sqlalchemy/orm/session.py", line 2362, in execute
    return self._execute_internal(
  File "/Users/jiangshengping/wwwroot/shenzhen/spectrum/algorithm/projects/数据融合/prod/visual_server/backend/.venv/lib/python3.10/site-packages/sqlalchemy/orm/session.py", line 2237, in _execute_internal
    conn = self._connection_for_bind(bind)
  File "/Users/jiangshengping/wwwroot/shenzhen/spectrum/algorithm/projects/数据融合/prod/visual_server/backend/.venv/lib/python3.10/site-packages/sqlalchemy/orm/session.py", line 2106, in _connection_for_bind
    return trans._connection_for_bind(engine, execution_options)
  File "<string>", line 2, in _connection_for_bind
  File "/Users/jiangshengping/wwwroot/shenzhen/spectrum/algorithm/projects/数据融合/prod/visual_server/backend/.venv/lib/python3.10/site-packages/sqlalchemy/orm/state_changes.py", line 139, in _go
    ret_value = fn(self, *arg, **kw)
  File "/Users/jiangshengping/wwwroot/shenzhen/spectrum/algorithm/projects/数据融合/prod/visual_server/backend/.venv/lib/python3.10/site-packages/sqlalchemy/orm/session.py", line 1189, in _connection_for_bind
    conn = bind.connect()
  File "/Users/jiangshengping/wwwroot/shenzhen/spectrum/algorithm/projects/数据融合/prod/visual_server/backend/.venv/lib/python3.10/site-packages/sqlalchemy/engine/base.py", line 3278, in connect
    return self._connection_cls(self)
  File "/Users/jiangshengping/wwwroot/shenzhen/spectrum/algorithm/projects/数据融合/prod/visual_server/backend/.venv/lib/python3.10/site-packages/sqlalchemy/engine/base.py", line 148, in __init__
    Connection._handle_dbapi_exception_noconnection(
  File "/Users/jiangshengping/wwwroot/shenzhen/spectrum/algorithm/projects/数据融合/prod/visual_server/backend/.venv/lib/python3.10/site-packages/sqlalchemy/engine/base.py", line 2442, in _handle_dbapi_exception_noconnection
    raise sqlalchemy_exception.with_traceback(exc_info[2]) from e
  File "/Users/jiangshengping/wwwroot/shenzhen/spectrum/algorithm/projects/数据融合/prod/visual_server/backend/.venv/lib/python3.10/site-packages/sqlalchemy/engine/base.py", line 146, in __init__
    self._dbapi_connection = engine.raw_connection()
  File "/Users/jiangshengping/wwwroot/shenzhen/spectrum/algorithm/projects/数据融合/prod/visual_server/backend/.venv/lib/python3.10/site-packages/sqlalchemy/engine/base.py", line 3302, in raw_connection
    return self.pool.connect()
  File "/Users/jiangshengping/wwwroot/shenzhen/spectrum/algorithm/projects/数据融合/prod/visual_server/backend/.venv/lib/python3.10/site-packages/sqlalchemy/pool/base.py", line 449, in connect
    return _ConnectionFairy._checkout(self)
  File "/Users/jiangshengping/wwwroot/shenzhen/spectrum/algorithm/projects/数据融合/prod/visual_server/backend/.venv/lib/python3.10/site-packages/sqlalchemy/pool/base.py", line 1263, in _checkout
    fairy = _ConnectionRecord.checkout(pool)
  File "/Users/jiangshengping/wwwroot/shenzhen/spectrum/algorithm/projects/数据融合/prod/visual_server/backend/.venv/lib/python3.10/site-packages/sqlalchemy/pool/base.py", line 712, in checkout
    rec = pool._do_get()
  File "/Users/jiangshengping/wwwroot/shenzhen/spectrum/algorithm/projects/数据融合/prod/visual_server/backend/.venv/lib/python3.10/site-packages/sqlalchemy/pool/impl.py", line 179, in _do_get
    with util.safe_reraise():
  File "/Users/jiangshengping/wwwroot/shenzhen/spectrum/algorithm/projects/数据融合/prod/visual_server/backend/.venv/lib/python3.10/site-packages/sqlalchemy/util/langhelpers.py", line 146, in __exit__
    raise exc_value.with_traceback(exc_tb)
  File "/Users/jiangshengping/wwwroot/shenzhen/spectrum/algorithm/projects/数据融合/prod/visual_server/backend/.venv/lib/python3.10/site-packages/sqlalchemy/pool/impl.py", line 177, in _do_get
    return self._create_connection()
  File "/Users/jiangshengping/wwwroot/shenzhen/spectrum/algorithm/projects/数据融合/prod/visual_server/backend/.venv/lib/python3.10/site-packages/sqlalchemy/pool/base.py", line 390, in _create_connection
    return _ConnectionRecord(self)
  File "/Users/jiangshengping/wwwroot/shenzhen/spectrum/algorithm/projects/数据融合/prod/visual_server/backend/.venv/lib/python3.10/site-packages/sqlalchemy/pool/base.py", line 674, in __init__
    self.__connect()
  File "/Users/jiangshengping/wwwroot/shenzhen/spectrum/algorithm/projects/数据融合/prod/visual_server/backend/.venv/lib/python3.10/site-packages/sqlalchemy/pool/base.py", line 900, in __connect
    with util.safe_reraise():
  File "/Users/jiangshengping/wwwroot/shenzhen/spectrum/algorithm/projects/数据融合/prod/visual_server/backend/.venv/lib/python3.10/site-packages/sqlalchemy/util/langhelpers.py", line 146, in __exit__
    raise exc_value.with_traceback(exc_tb)
  File "/Users/jiangshengping/wwwroot/shenzhen/spectrum/algorithm/projects/数据融合/prod/visual_server/backend/.venv/lib/python3.10/site-packages/sqlalchemy/pool/base.py", line 896, in __connect
    self.dbapi_connection = connection = pool._invoke_creator(self)
  File "/Users/jiangshengping/wwwroot/shenzhen/spectrum/algorithm/projects/数据融合/prod/visual_server/backend/.venv/lib/python3.10/site-packages/sqlalchemy/engine/create.py", line 643, in connect
    return dialect.connect(*cargs, **cparams)
  File "/Users/jiangshengping/wwwroot/shenzhen/spectrum/algorithm/projects/数据融合/prod/visual_server/backend/.venv/lib/python3.10/site-packages/sqlalchemy/engine/default.py", line 621, in connect
    return self.loaded_dbapi.connect(*cargs, **cparams)
  File "/Users/jiangshengping/wwwroot/shenzhen/spectrum/algorithm/projects/数据融合/prod/visual_server/backend/.venv/lib/python3.10/site-packages/psycopg/connection.py", line 119, in connect
    raise last_ex.with_traceback(None)
sqlalchemy.exc.OperationalError: (psycopg.errors.ConnectionTimeout) connection timeout expired
(Background on this error at: https://sqlalche.me/e/20/e3q8)

During handling of the above exception, another exception occurred:

Traceback (most recent call last):
  File "/Users/jiangshengping/wwwroot/shenzhen/spectrum/algorithm/projects/数据融合/prod/visual_server/backend/.venv/lib/python3.10/site-packages/sqlalchemy/engine/base.py", line 146, in __init__
    self._dbapi_connection = engine.raw_connection()
  File "/Users/jiangshengping/wwwroot/shenzhen/spectrum/algorithm/projects/数据融合/prod/visual_server/backend/.venv/lib/python3.10/site-packages/sqlalchemy/engine/base.py", line 3302, in raw_connection
    return self.pool.connect()
  File "/Users/jiangshengping/wwwroot/shenzhen/spectrum/algorithm/projects/数据融合/prod/visual_server/backend/.venv/lib/python3.10/site-packages/sqlalchemy/pool/base.py", line 449, in connect
    return _ConnectionFairy._checkout(self)
  File "/Users/jiangshengping/wwwroot/shenzhen/spectrum/algorithm/projects/数据融合/prod/visual_server/backend/.venv/lib/python3.10/site-packages/sqlalchemy/pool/base.py", line 1263, in _checkout
    fairy = _ConnectionRecord.checkout(pool)
  File "/Users/jiangshengping/wwwroot/shenzhen/spectrum/algorithm/projects/数据融合/prod/visual_server/backend/.venv/lib/python3.10/site-packages/sqlalchemy/pool/base.py", line 712, in checkout
    rec = pool._do_get()
  File "/Users/jiangshengping/wwwroot/shenzhen/spectrum/algorithm/projects/数据融合/prod/visual_server/backend/.venv/lib/python3.10/site-packages/sqlalchemy/pool/impl.py", line 179, in _do_get
    with util.safe_reraise():
  File "/Users/jiangshengping/wwwroot/shenzhen/spectrum/algorithm/projects/数据融合/prod/visual_server/backend/.venv/lib/python3.10/site-packages/sqlalchemy/util/langhelpers.py", line 146, in __exit__
    raise exc_value.with_traceback(exc_tb)
  File "/Users/jiangshengping/wwwroot/shenzhen/spectrum/algorithm/projects/数据融合/prod/visual_server/backend/.venv/lib/python3.10/site-packages/sqlalchemy/pool/impl.py", line 177, in _do_get
    return self._create_connection()
  File "/Users/jiangshengping/wwwroot/shenzhen/spectrum/algorithm/projects/数据融合/prod/visual_server/backend/.venv/lib/python3.10/site-packages/sqlalchemy/pool/base.py", line 390, in _create_connection
    return _ConnectionRecord(self)
  File "/Users/jiangshengping/wwwroot/shenzhen/spectrum/algorithm/projects/数据融合/prod/visual_server/backend/.venv/lib/python3.10/site-packages/sqlalchemy/pool/base.py", line 674, in __init__
    self.__connect()
  File "/Users/jiangshengping/wwwroot/shenzhen/spectrum/algorithm/projects/数据融合/prod/visual_server/backend/.venv/lib/python3.10/site-packages/sqlalchemy/pool/base.py", line 900, in __connect
    with util.safe_reraise():
  File "/Users/jiangshengping/wwwroot/shenzhen/spectrum/algorithm/projects/数据融合/prod/visual_server/backend/.venv/lib/python3.10/site-packages/sqlalchemy/util/langhelpers.py", line 146, in __exit__
    raise exc_value.with_traceback(exc_tb)
  File "/Users/jiangshengping/wwwroot/shenzhen/spectrum/algorithm/projects/数据融合/prod/visual_server/backend/.venv/lib/python3.10/site-packages/sqlalchemy/pool/base.py", line 896, in __connect
    self.dbapi_connection = connection = pool._invoke_creator(self)
  File "/Users/jiangshengping/wwwroot/shenzhen/spectrum/algorithm/projects/数据融合/prod/visual_server/backend/.venv/lib/python3.10/site-packages/sqlalchemy/engine/create.py", line 643, in connect
    return dialect.connect(*cargs, **cparams)
  File "/Users/jiangshengping/wwwroot/shenzhen/spectrum/algorithm/projects/数据融合/prod/visual_server/backend/.venv/lib/python3.10/site-packages/sqlalchemy/engine/default.py", line 621, in connect
    return self.loaded_dbapi.connect(*cargs, **cparams)
  File "/Users/jiangshengping/wwwroot/shenzhen/spectrum/algorithm/projects/数据融合/prod/visual_server/backend/.venv/lib/python3.10/site-packages/psycopg/connection.py", line 119, in connect
    raise last_ex.with_traceback(None)
psycopg.errors.ConnectionTimeout: connection timeout expired

The above exception was the direct cause of the following exception:

Traceback (most recent call last):
  File "/Users/jiangshengping/wwwroot/shenzhen/spectrum/algorithm/projects/数据融合/prod/visual_server/backend/.venv/lib/python3.10/site-packages/uvicorn/protocols/http/httptools_impl.py", line 409, in run_asgi
    result = await app(  # type: ignore[func-returns-value]
  File "/Users/jiangshengping/wwwroot/shenzhen/spectrum/algorithm/projects/数据融合/prod/visual_server/backend/.venv/lib/python3.10/site-packages/uvicorn/middleware/proxy_headers.py", line 60, in __call__
    return await self.app(scope, receive, send)
  File "/Users/jiangshengping/wwwroot/shenzhen/spectrum/algorithm/projects/数据融合/prod/visual_server/backend/.venv/lib/python3.10/site-packages/fastapi/applications.py", line 1054, in __call__
    await super().__call__(scope, receive, send)
  File "/Users/jiangshengping/wwwroot/shenzhen/spectrum/algorithm/projects/数据融合/prod/visual_server/backend/.venv/lib/python3.10/site-packages/starlette/applications.py", line 113, in __call__
    await self.middleware_stack(scope, receive, send)
  File "/Users/jiangshengping/wwwroot/shenzhen/spectrum/algorithm/projects/数据融合/prod/visual_server/backend/.venv/lib/python3.10/site-packages/starlette/middleware/errors.py", line 187, in __call__
    raise exc
  File "/Users/jiangshengping/wwwroot/shenzhen/spectrum/algorithm/projects/数据融合/prod/visual_server/backend/.venv/lib/python3.10/site-packages/starlette/middleware/errors.py", line 165, in __call__
    await self.app(scope, receive, _send)
  File "/Users/jiangshengping/wwwroot/shenzhen/spectrum/algorithm/projects/数据融合/prod/visual_server/backend/.venv/lib/python3.10/site-packages/starlette/middleware/cors.py", line 85, in __call__
    await self.app(scope, receive, send)
  File "/Users/jiangshengping/wwwroot/shenzhen/spectrum/algorithm/projects/数据融合/prod/visual_server/backend/.venv/lib/python3.10/site-packages/starlette/middleware/exceptions.py", line 62, in __call__
    await wrap_app_handling_exceptions(self.app, conn)(scope, receive, send)
  File "/Users/jiangshengping/wwwroot/shenzhen/spectrum/algorithm/projects/数据融合/prod/visual_server/backend/.venv/lib/python3.10/site-packages/starlette/_exception_handler.py", line 53, in wrapped_app
    raise exc
  File "/Users/jiangshengping/wwwroot/shenzhen/spectrum/algorithm/projects/数据融合/prod/visual_server/backend/.venv/lib/python3.10/site-packages/starlette/_exception_handler.py", line 42, in wrapped_app
    await app(scope, receive, sender)
  File "/Users/jiangshengping/wwwroot/shenzhen/spectrum/algorithm/projects/数据融合/prod/visual_server/backend/.venv/lib/python3.10/site-packages/starlette/routing.py", line 715, in __call__
    await self.middleware_stack(scope, receive, send)
  File "/Users/jiangshengping/wwwroot/shenzhen/spectrum/algorithm/projects/数据融合/prod/visual_server/backend/.venv/lib/python3.10/site-packages/starlette/routing.py", line 735, in app
    await route.handle(scope, receive, send)
  File "/Users/jiangshengping/wwwroot/shenzhen/spectrum/algorithm/projects/数据融合/prod/visual_server/backend/.venv/lib/python3.10/site-packages/starlette/routing.py", line 288, in handle
    await self.app(scope, receive, send)
  File "/Users/jiangshengping/wwwroot/shenzhen/spectrum/algorithm/projects/数据融合/prod/visual_server/backend/.venv/lib/python3.10/site-packages/starlette/routing.py", line 76, in app
    await wrap_app_handling_exceptions(app, request)(scope, receive, send)
  File "/Users/jiangshengping/wwwroot/shenzhen/spectrum/algorithm/projects/数据融合/prod/visual_server/backend/.venv/lib/python3.10/site-packages/starlette/_exception_handler.py", line 53, in wrapped_app
    raise exc
  File "/Users/jiangshengping/wwwroot/shenzhen/spectrum/algorithm/projects/数据融合/prod/visual_server/backend/.venv/lib/python3.10/site-packages/starlette/_exception_handler.py", line 42, in wrapped_app
    await app(scope, receive, sender)
  File "/Users/jiangshengping/wwwroot/shenzhen/spectrum/algorithm/projects/数据融合/prod/visual_server/backend/.venv/lib/python3.10/site-packages/starlette/routing.py", line 73, in app
    response = await f(request)
  File "/Users/jiangshengping/wwwroot/shenzhen/spectrum/algorithm/projects/数据融合/prod/visual_server/backend/.venv/lib/python3.10/site-packages/fastapi/routing.py", line 291, in app
    solved_result = await solve_dependencies(
  File "/Users/jiangshengping/wwwroot/shenzhen/spectrum/algorithm/projects/数据融合/prod/visual_server/backend/.venv/lib/python3.10/site-packages/fastapi/dependencies/utils.py", line 634, in solve_dependencies
    solved = await solve_generator(
  File "/Users/jiangshengping/wwwroot/shenzhen/spectrum/algorithm/projects/数据融合/prod/visual_server/backend/.venv/lib/python3.10/site-packages/fastapi/dependencies/utils.py", line 560, in solve_generator
    return await stack.enter_async_context(cm)
  File "/Library/Frameworks/Python.framework/Versions/3.10/lib/python3.10/contextlib.py", line 619, in enter_async_context
    result = await _cm_type.__aenter__(cm)
  File "/Library/Frameworks/Python.framework/Versions/3.10/lib/python3.10/contextlib.py", line 199, in __aenter__
    return await anext(self.gen)
  File "/Users/jiangshengping/wwwroot/shenzhen/spectrum/algorithm/projects/数据融合/prod/visual_server/backend/.venv/lib/python3.10/site-packages/fastapi/concurrency.py", line 35, in contextmanager_in_threadpool
    raise e
  File "/Library/Frameworks/Python.framework/Versions/3.10/lib/python3.10/contextlib.py", line 153, in __exit__
    self.gen.throw(typ, value, traceback)
  File "/Users/jiangshengping/wwwroot/shenzhen/spectrum/algorithm/projects/数据融合/prod/visual_server/backend/.venv/lib/python3.10/site-packages/fastapi/concurrency.py", line 27, in contextmanager_in_threadpool
    yield await run_in_threadpool(cm.__enter__)
  File "/Users/jiangshengping/wwwroot/shenzhen/spectrum/algorithm/projects/数据融合/prod/visual_server/backend/.venv/lib/python3.10/site-packages/starlette/concurrency.py", line 39, in run_in_threadpool
    return await anyio.to_thread.run_sync(func, *args)
  File "/Users/jiangshengping/wwwroot/shenzhen/spectrum/algorithm/projects/数据融合/prod/visual_server/backend/.venv/lib/python3.10/site-packages/anyio/to_thread.py", line 65, in run_sync
    return await get_async_backend().run_sync_in_worker_thread(
  File "/Users/jiangshengping/wwwroot/shenzhen/spectrum/algorithm/projects/数据融合/prod/visual_server/backend/.venv/lib/python3.10/site-packages/anyio/_backends/_asyncio.py", line 2706, in run_sync_in_worker_thread
    return await future
  File "/Users/jiangshengping/wwwroot/shenzhen/spectrum/algorithm/projects/数据融合/prod/visual_server/backend/.venv/lib/python3.10/site-packages/anyio/_backends/_asyncio.py", line 1100, in run
    result = context.run(func, *args)
  File "/Library/Frameworks/Python.framework/Versions/3.10/lib/python3.10/contextlib.py", line 135, in __enter__
    return next(self.gen)
  File "/Users/jiangshengping/wwwroot/shenzhen/spectrum/algorithm/projects/数据融合/prod/visual_server/backend/app/db.py", line 38, in get_db
    db.execute(text("SELECT 1"))
  File "/Users/jiangshengping/wwwroot/shenzhen/spectrum/algorithm/projects/数据融合/prod/visual_server/backend/.venv/lib/python3.10/site-packages/sqlalchemy/orm/session.py", line 2362, in execute
    return self._execute_internal(
  File "/Users/jiangshengping/wwwroot/shenzhen/spectrum/algorithm/projects/数据融合/prod/visual_server/backend/.venv/lib/python3.10/site-packages/sqlalchemy/orm/session.py", line 2237, in _execute_internal
    conn = self._connection_for_bind(bind)
  File "/Users/jiangshengping/wwwroot/shenzhen/spectrum/algorithm/projects/数据融合/prod/visual_server/backend/.venv/lib/python3.10/site-packages/sqlalchemy/orm/session.py", line 2106, in _connection_for_bind
    return trans._connection_for_bind(engine, execution_options)
  File "<string>", line 2, in _connection_for_bind
  File "/Users/jiangshengping/wwwroot/shenzhen/spectrum/algorithm/projects/数据融合/prod/visual_server/backend/.venv/lib/python3.10/site-packages/sqlalchemy/orm/state_changes.py", line 139, in _go
    ret_value = fn(self, *arg, **kw)
  File "/Users/jiangshengping/wwwroot/shenzhen/spectrum/algorithm/projects/数据融合/prod/visual_server/backend/.venv/lib/python3.10/site-packages/sqlalchemy/orm/session.py", line 1189, in _connection_for_bind
    conn = bind.connect()
  File "/Users/jiangshengping/wwwroot/shenzhen/spectrum/algorithm/projects/数据融合/prod/visual_server/backend/.venv/lib/python3.10/site-packages/sqlalchemy/engine/base.py", line 3278, in connect
    return self._connection_cls(self)
  File "/Users/jiangshengping/wwwroot/shenzhen/spectrum/algorithm/projects/数据融合/prod/visual_server/backend/.venv/lib/python3.10/site-packages/sqlalchemy/engine/base.py", line 148, in __init__
    Connection._handle_dbapi_exception_noconnection(
  File "/Users/jiangshengping/wwwroot/shenzhen/spectrum/algorithm/projects/数据融合/prod/visual_server/backend/.venv/lib/python3.10/site-packages/sqlalchemy/engine/base.py", line 2442, in _handle_dbapi_exception_noconnection
    raise sqlalchemy_exception.with_traceback(exc_info[2]) from e
  File "/Users/jiangshengping/wwwroot/shenzhen/spectrum/algorithm/projects/数据融合/prod/visual_server/backend/.venv/lib/python3.10/site-packages/sqlalchemy/engine/base.py", line 146, in __init__
    self._dbapi_connection = engine.raw_connection()
  File "/Users/jiangshengping/wwwroot/shenzhen/spectrum/algorithm/projects/数据融合/prod/visual_server/backend/.venv/lib/python3.10/site-packages/sqlalchemy/engine/base.py", line 3302, in raw_connection
    return self.pool.connect()
  File "/Users/jiangshengping/wwwroot/shenzhen/spectrum/algorithm/projects/数据融合/prod/visual_server/backend/.venv/lib/python3.10/site-packages/sqlalchemy/pool/base.py", line 449, in connect
    return _ConnectionFairy._checkout(self)
  File "/Users/jiangshengping/wwwroot/shenzhen/spectrum/algorithm/projects/数据融合/prod/visual_server/backend/.venv/lib/python3.10/site-packages/sqlalchemy/pool/base.py", line 1263, in _checkout
    fairy = _ConnectionRecord.checkout(pool)
  File "/Users/jiangshengping/wwwroot/shenzhen/spectrum/algorithm/projects/数据融合/prod/visual_server/backend/.venv/lib/python3.10/site-packages/sqlalchemy/pool/base.py", line 712, in checkout
    rec = pool._do_get()
  File "/Users/jiangshengping/wwwroot/shenzhen/spectrum/algorithm/projects/数据融合/prod/visual_server/backend/.venv/lib/python3.10/site-packages/sqlalchemy/pool/impl.py", line 179, in _do_get
    with util.safe_reraise():
  File "/Users/jiangshengping/wwwroot/shenzhen/spectrum/algorithm/projects/数据融合/prod/visual_server/backend/.venv/lib/python3.10/site-packages/sqlalchemy/util/langhelpers.py", line 146, in __exit__
    raise exc_value.with_traceback(exc_tb)
  File "/Users/jiangshengping/wwwroot/shenzhen/spectrum/algorithm/projects/数据融合/prod/visual_server/backend/.venv/lib/python3.10/site-packages/sqlalchemy/pool/impl.py", line 177, in _do_get
    return self._create_connection()
  File "/Users/jiangshengping/wwwroot/shenzhen/spectrum/algorithm/projects/数据融合/prod/visual_server/backend/.venv/lib/python3.10/site-packages/sqlalchemy/pool/base.py", line 390, in _create_connection
    return _ConnectionRecord(self)
  File "/Users/jiangshengping/wwwroot/shenzhen/spectrum/algorithm/projects/数据融合/prod/visual_server/backend/.venv/lib/python3.10/site-packages/sqlalchemy/pool/base.py", line 674, in __init__
    self.__connect()
  File "/Users/jiangshengping/wwwroot/shenzhen/spectrum/algorithm/projects/数据融合/prod/visual_server/backend/.venv/lib/python3.10/site-packages/sqlalchemy/pool/base.py", line 900, in __connect
    with util.safe_reraise():
  File "/Users/jiangshengping/wwwroot/shenzhen/spectrum/algorithm/projects/数据融合/prod/visual_server/backend/.venv/lib/python3.10/site-packages/sqlalchemy/util/langhelpers.py", line 146, in __exit__
    raise exc_value.with_traceback(exc_tb)
  File "/Users/jiangshengping/wwwroot/shenzhen/spectrum/algorithm/projects/数据融合/prod/visual_server/backend/.venv/lib/python3.10/site-packages/sqlalchemy/pool/base.py", line 896, in __connect
    self.dbapi_connection = connection = pool._invoke_creator(self)
  File "/Users/jiangshengping/wwwroot/shenzhen/spectrum/algorithm/projects/数据融合/prod/visual_server/backend/.venv/lib/python3.10/site-packages/sqlalchemy/engine/create.py", line 643, in connect
    return dialect.connect(*cargs, **cparams)
  File "/Users/jiangshengping/wwwroot/shenzhen/spectrum/algorithm/projects/数据融合/prod/visual_server/backend/.venv/lib/python3.10/site-packages/sqlalchemy/engine/default.py", line 621, in connect
    return self.loaded_dbapi.connect(*cargs, **cparams)
  File "/Users/jiangshengping/wwwroot/shenzhen/spectrum/algorithm/projects/数据融合/prod/visual_server/backend/.venv/lib/python3.10/site-packages/psycopg/connection.py", line 119, in connect
    raise last_ex.with_traceback(None)
sqlalchemy.exc.OperationalError: (psycopg.errors.ConnectionTimeout) connection timeout expired
(Background on this error at: https://sqlalche.me/e/20/e3q8)
INFO:     127.0.0.1:64566 - "GET /api/profiles HTTP/1.1" 200 OK
INFO:     127.0.0.1:49243 - "GET /api/system/status HTTP/1.1" 200 OK
INFO:     127.0.0.1:49258 - "GET /api/system/status HTTP/1.1" 200 OK
INFO:     127.0.0.1:49269 - "GET /api/system/status HTTP/1.1" 200 OK
INFO:     Shutting down
INFO:     Waiting for application shutdown.
INFO:     Application shutdown complete.
INFO:     Finished server process [58874]
INFO:     Started server process [70188]
INFO:     Waiting for application startup.
ERROR:    bootstrap failed, API still serving: (psycopg.errors.ConnectionTimeout) connection timeout expired
(Background on this error at: https://sqlalche.me/e/20/e3q8)
INFO:     Application startup complete.
INFO:     Uvicorn running on http://0.0.0.0:8000 (Press CTRL+C to quit)
mq consumer reconnecting
Traceback (most recent call last):
  File "/Users/jiangshengping/wwwroot/shenzhen/spectrum/algorithm/projects/数据融合/prod/visual_server/backend/app/services/progress_ws.py", line 68, in _consume_loop
    ch.start_consuming()
  File "/Users/jiangshengping/wwwroot/shenzhen/spectrum/algorithm/projects/数据融合/prod/visual_server/backend/.venv/lib/python3.10/site-packages/pika/adapters/blocking_connection.py", line 1883, in start_consuming
    self._process_data_events(time_limit=None)
  File "/Users/jiangshengping/wwwroot/shenzhen/spectrum/algorithm/projects/数据融合/prod/visual_server/backend/.venv/lib/python3.10/site-packages/pika/adapters/blocking_connection.py", line 2044, in _process_data_events
    self.connection.process_data_events(time_limit=time_limit)
  File "/Users/jiangshengping/wwwroot/shenzhen/spectrum/algorithm/projects/数据融合/prod/visual_server/backend/.venv/lib/python3.10/site-packages/pika/adapters/blocking_connection.py", line 842, in process_data_events
    self._flush_output(common_terminator)
  File "/Users/jiangshengping/wwwroot/shenzhen/spectrum/algorithm/projects/数据融合/prod/visual_server/backend/.venv/lib/python3.10/site-packages/pika/adapters/blocking_connection.py", line 523, in _flush_output
    raise self._closed_result.value.error
pika.exceptions.ConnectionClosedByBroker: (320, "CONNECTION_FORCED - broker forced connection closure with reason 'shutdown'")
mq consumer reconnecting
Traceback (most recent call last):
  File "/Users/jiangshengping/wwwroot/shenzhen/spectrum/algorithm/projects/数据融合/prod/visual_server/backend/app/services/progress_ws.py", line 68, in _consume_loop
    ch.start_consuming()
  File "/Users/jiangshengping/wwwroot/shenzhen/spectrum/algorithm/projects/数据融合/prod/visual_server/backend/.venv/lib/python3.10/site-packages/pika/adapters/blocking_connection.py", line 1883, in start_consuming
    self._process_data_events(time_limit=None)
  File "/Users/jiangshengping/wwwroot/shenzhen/spectrum/algorithm/projects/数据融合/prod/visual_server/backend/.venv/lib/python3.10/site-packages/pika/adapters/blocking_connection.py", line 2044, in _process_data_events
    self.connection.process_data_events(time_limit=time_limit)
  File "/Users/jiangshengping/wwwroot/shenzhen/spectrum/algorithm/projects/数据融合/prod/visual_server/backend/.venv/lib/python3.10/site-packages/pika/adapters/blocking_connection.py", line 842, in process_data_events
    self._flush_output(common_terminator)
  File "/Users/jiangshengping/wwwroot/shenzhen/spectrum/algorithm/projects/数据融合/prod/visual_server/backend/.venv/lib/python3.10/site-packages/pika/adapters/blocking_connection.py", line 523, in _flush_output
    raise self._closed_result.value.error
pika.exceptions.ConnectionClosedByBroker: (320, "CONNECTION_FORCED - broker forced connection closure with reason 'shutdown'")
mq consumer reconnecting
Traceback (most recent call last):
  File "/Users/jiangshengping/wwwroot/shenzhen/spectrum/algorithm/projects/数据融合/prod/visual_server/backend/app/services/progress_ws.py", line 50, in _consume_loop
    conn = pika.BlockingConnection(pika.URLParameters(settings.rabbitmq_url))
  File "/Users/jiangshengping/wwwroot/shenzhen/spectrum/algorithm/projects/数据融合/prod/visual_server/backend/.venv/lib/python3.10/site-packages/pika/adapters/blocking_connection.py", line 360, in __init__
    self._impl = self._create_connection(parameters, _impl_class)
  File "/Users/jiangshengping/wwwroot/shenzhen/spectrum/algorithm/projects/数据融合/prod/visual_server/backend/.venv/lib/python3.10/site-packages/pika/adapters/blocking_connection.py", line 451, in _create_connection
    raise self._reap_last_connection_workflow_error(error)
pika.exceptions.AMQPConnectionError
mq consumer reconnecting
Traceback (most recent call last):
  File "/Users/jiangshengping/wwwroot/shenzhen/spectrum/algorithm/projects/数据融合/prod/visual_server/backend/app/services/progress_ws.py", line 50, in _consume_loop
    conn = pika.BlockingConnection(pika.URLParameters(settings.rabbitmq_url))
  File "/Users/jiangshengping/wwwroot/shenzhen/spectrum/algorithm/projects/数据融合/prod/visual_server/backend/.venv/lib/python3.10/site-packages/pika/adapters/blocking_connection.py", line 360, in __init__
    self._impl = self._create_connection(parameters, _impl_class)
  File "/Users/jiangshengping/wwwroot/shenzhen/spectrum/algorithm/projects/数据融合/prod/visual_server/backend/.venv/lib/python3.10/site-packages/pika/adapters/blocking_connection.py", line 451, in _create_connection
    raise self._reap_last_connection_workflow_error(error)
pika.exceptions.AMQPConnectionError
mq consumer reconnecting
Traceback (most recent call last):
  File "/Users/jiangshengping/wwwroot/shenzhen/spectrum/algorithm/projects/数据融合/prod/visual_server/backend/app/services/progress_ws.py", line 50, in _consume_loop
    conn = pika.BlockingConnection(pika.URLParameters(settings.rabbitmq_url))
  File "/Users/jiangshengping/wwwroot/shenzhen/spectrum/algorithm/projects/数据融合/prod/visual_server/backend/.venv/lib/python3.10/site-packages/pika/adapters/blocking_connection.py", line 360, in __init__
    self._impl = self._create_connection(parameters, _impl_class)
  File "/Users/jiangshengping/wwwroot/shenzhen/spectrum/algorithm/projects/数据融合/prod/visual_server/backend/.venv/lib/python3.10/site-packages/pika/adapters/blocking_connection.py", line 451, in _create_connection
    raise self._reap_last_connection_workflow_error(error)
pika.exceptions.AMQPConnectionError
mq consumer reconnecting
Traceback (most recent call last):
  File "/Users/jiangshengping/wwwroot/shenzhen/spectrum/algorithm/projects/数据融合/prod/visual_server/backend/app/services/progress_ws.py", line 50, in _consume_loop
    conn = pika.BlockingConnection(pika.URLParameters(settings.rabbitmq_url))
  File "/Users/jiangshengping/wwwroot/shenzhen/spectrum/algorithm/projects/数据融合/prod/visual_server/backend/.venv/lib/python3.10/site-packages/pika/adapters/blocking_connection.py", line 360, in __init__
    self._impl = self._create_connection(parameters, _impl_class)
  File "/Users/jiangshengping/wwwroot/shenzhen/spectrum/algorithm/projects/数据融合/prod/visual_server/backend/.venv/lib/python3.10/site-packages/pika/adapters/blocking_connection.py", line 451, in _create_connection
    raise self._reap_last_connection_workflow_error(error)
pika.exceptions.AMQPConnectionError
mq consumer reconnecting
Traceback (most recent call last):
  File "/Users/jiangshengping/wwwroot/shenzhen/spectrum/algorithm/projects/数据融合/prod/visual_server/backend/app/services/progress_ws.py", line 50, in _consume_loop
    conn = pika.BlockingConnection(pika.URLParameters(settings.rabbitmq_url))
  File "/Users/jiangshengping/wwwroot/shenzhen/spectrum/algorithm/projects/数据融合/prod/visual_server/backend/.venv/lib/python3.10/site-packages/pika/adapters/blocking_connection.py", line 360, in __init__
    self._impl = self._create_connection(parameters, _impl_class)
  File "/Users/jiangshengping/wwwroot/shenzhen/spectrum/algorithm/projects/数据融合/prod/visual_server/backend/.venv/lib/python3.10/site-packages/pika/adapters/blocking_connection.py", line 451, in _create_connection
    raise self._reap_last_connection_workflow_error(error)
pika.exceptions.AMQPConnectionError
mq consumer reconnecting
Traceback (most recent call last):
  File "/Users/jiangshengping/wwwroot/shenzhen/spectrum/algorithm/projects/数据融合/prod/visual_server/backend/app/services/progress_ws.py", line 50, in _consume_loop
    conn = pika.BlockingConnection(pika.URLParameters(settings.rabbitmq_url))
  File "/Users/jiangshengping/wwwroot/shenzhen/spectrum/algorithm/projects/数据融合/prod/visual_server/backend/.venv/lib/python3.10/site-packages/pika/adapters/blocking_connection.py", line 360, in __init__
    self._impl = self._create_connection(parameters, _impl_class)
  File "/Users/jiangshengping/wwwroot/shenzhen/spectrum/algorithm/projects/数据融合/prod/visual_server/backend/.venv/lib/python3.10/site-packages/pika/adapters/blocking_connection.py", line 451, in _create_connection
    raise self._reap_last_connection_workflow_error(error)
pika.exceptions.AMQPConnectionError
mq consumer reconnecting
Traceback (most recent call last):
  File "/Users/jiangshengping/wwwroot/shenzhen/spectrum/algorithm/projects/数据融合/prod/visual_server/backend/app/services/progress_ws.py", line 50, in _consume_loop
    conn = pika.BlockingConnection(pika.URLParameters(settings.rabbitmq_url))
  File "/Users/jiangshengping/wwwroot/shenzhen/spectrum/algorithm/projects/数据融合/prod/visual_server/backend/.venv/lib/python3.10/site-packages/pika/adapters/blocking_connection.py", line 360, in __init__
    self._impl = self._create_connection(parameters, _impl_class)
  File "/Users/jiangshengping/wwwroot/shenzhen/spectrum/algorithm/projects/数据融合/prod/visual_server/backend/.venv/lib/python3.10/site-packages/pika/adapters/blocking_connection.py", line 451, in _create_connection
    raise self._reap_last_connection_workflow_error(error)
pika.exceptions.AMQPConnectionError
mq consumer reconnecting
Traceback (most recent call last):
  File "/Users/jiangshengping/wwwroot/shenzhen/spectrum/algorithm/projects/数据融合/prod/visual_server/backend/app/services/progress_ws.py", line 50, in _consume_loop
    conn = pika.BlockingConnection(pika.URLParameters(settings.rabbitmq_url))
  File "/Users/jiangshengping/wwwroot/shenzhen/spectrum/algorithm/projects/数据融合/prod/visual_server/backend/.venv/lib/python3.10/site-packages/pika/adapters/blocking_connection.py", line 360, in __init__
    self._impl = self._create_connection(parameters, _impl_class)
  File "/Users/jiangshengping/wwwroot/shenzhen/spectrum/algorithm/projects/数据融合/prod/visual_server/backend/.venv/lib/python3.10/site-packages/pika/adapters/blocking_connection.py", line 451, in _create_connection
    raise self._reap_last_connection_workflow_error(error)
pika.exceptions.AMQPConnectionError
mq consumer reconnecting
Traceback (most recent call last):
  File "/Users/jiangshengping/wwwroot/shenzhen/spectrum/algorithm/projects/数据融合/prod/visual_server/backend/app/services/progress_ws.py", line 50, in _consume_loop
    conn = pika.BlockingConnection(pika.URLParameters(settings.rabbitmq_url))
  File "/Users/jiangshengping/wwwroot/shenzhen/spectrum/algorithm/projects/数据融合/prod/visual_server/backend/.venv/lib/python3.10/site-packages/pika/adapters/blocking_connection.py", line 360, in __init__
    self._impl = self._create_connection(parameters, _impl_class)
  File "/Users/jiangshengping/wwwroot/shenzhen/spectrum/algorithm/projects/数据融合/prod/visual_server/backend/.venv/lib/python3.10/site-packages/pika/adapters/blocking_connection.py", line 451, in _create_connection
    raise self._reap_last_connection_workflow_error(error)
pika.exceptions.AMQPConnectionError
mq consumer reconnecting
Traceback (most recent call last):
  File "/Users/jiangshengping/wwwroot/shenzhen/spectrum/algorithm/projects/数据融合/prod/visual_server/backend/app/services/progress_ws.py", line 50, in _consume_loop
    conn = pika.BlockingConnection(pika.URLParameters(settings.rabbitmq_url))
  File "/Users/jiangshengping/wwwroot/shenzhen/spectrum/algorithm/projects/数据融合/prod/visual_server/backend/.venv/lib/python3.10/site-packages/pika/adapters/blocking_connection.py", line 360, in __init__
    self._impl = self._create_connection(parameters, _impl_class)
  File "/Users/jiangshengping/wwwroot/shenzhen/spectrum/algorithm/projects/数据融合/prod/visual_server/backend/.venv/lib/python3.10/site-packages/pika/adapters/blocking_connection.py", line 451, in _create_connection
    raise self._reap_last_connection_workflow_error(error)
pika.exceptions.AMQPConnectionError
mq consumer reconnecting
Traceback (most recent call last):
  File "/Users/jiangshengping/wwwroot/shenzhen/spectrum/algorithm/projects/数据融合/prod/visual_server/backend/app/services/progress_ws.py", line 50, in _consume_loop
    conn = pika.BlockingConnection(pika.URLParameters(settings.rabbitmq_url))
  File "/Users/jiangshengping/wwwroot/shenzhen/spectrum/algorithm/projects/数据融合/prod/visual_server/backend/.venv/lib/python3.10/site-packages/pika/adapters/blocking_connection.py", line 360, in __init__
    self._impl = self._create_connection(parameters, _impl_class)
  File "/Users/jiangshengping/wwwroot/shenzhen/spectrum/algorithm/projects/数据融合/prod/visual_server/backend/.venv/lib/python3.10/site-packages/pika/adapters/blocking_connection.py", line 451, in _create_connection
    raise self._reap_last_connection_workflow_error(error)
pika.exceptions.AMQPConnectionError
mq consumer reconnecting
Traceback (most recent call last):
  File "/Users/jiangshengping/wwwroot/shenzhen/spectrum/algorithm/projects/数据融合/prod/visual_server/backend/app/services/progress_ws.py", line 50, in _consume_loop
    conn = pika.BlockingConnection(pika.URLParameters(settings.rabbitmq_url))
  File "/Users/jiangshengping/wwwroot/shenzhen/spectrum/algorithm/projects/数据融合/prod/visual_server/backend/.venv/lib/python3.10/site-packages/pika/adapters/blocking_connection.py", line 360, in __init__
    self._impl = self._create_connection(parameters, _impl_class)
  File "/Users/jiangshengping/wwwroot/shenzhen/spectrum/algorithm/projects/数据融合/prod/visual_server/backend/.venv/lib/python3.10/site-packages/pika/adapters/blocking_connection.py", line 451, in _create_connection
    raise self._reap_last_connection_workflow_error(error)
pika.exceptions.AMQPConnectionError
mq consumer reconnecting
Traceback (most recent call last):
  File "/Users/jiangshengping/wwwroot/shenzhen/spectrum/algorithm/projects/数据融合/prod/visual_server/backend/app/services/progress_ws.py", line 50, in _consume_loop
    conn = pika.BlockingConnection(pika.URLParameters(settings.rabbitmq_url))
  File "/Users/jiangshengping/wwwroot/shenzhen/spectrum/algorithm/projects/数据融合/prod/visual_server/backend/.venv/lib/python3.10/site-packages/pika/adapters/blocking_connection.py", line 360, in __init__
    self._impl = self._create_connection(parameters, _impl_class)
  File "/Users/jiangshengping/wwwroot/shenzhen/spectrum/algorithm/projects/数据融合/prod/visual_server/backend/.venv/lib/python3.10/site-packages/pika/adapters/blocking_connection.py", line 451, in _create_connection
    raise self._reap_last_connection_workflow_error(error)
pika.exceptions.AMQPConnectionError
mq consumer reconnecting
Traceback (most recent call last):
  File "/Users/jiangshengping/wwwroot/shenzhen/spectrum/algorithm/projects/数据融合/prod/visual_server/backend/app/services/progress_ws.py", line 50, in _consume_loop
    conn = pika.BlockingConnection(pika.URLParameters(settings.rabbitmq_url))
  File "/Users/jiangshengping/wwwroot/shenzhen/spectrum/algorithm/projects/数据融合/prod/visual_server/backend/.venv/lib/python3.10/site-packages/pika/adapters/blocking_connection.py", line 360, in __init__
    self._impl = self._create_connection(parameters, _impl_class)
  File "/Users/jiangshengping/wwwroot/shenzhen/spectrum/algorithm/projects/数据融合/prod/visual_server/backend/.venv/lib/python3.10/site-packages/pika/adapters/blocking_connection.py", line 451, in _create_connection
    raise self._reap_last_connection_workflow_error(error)
pika.exceptions.AMQPConnectionError
mq consumer reconnecting
Traceback (most recent call last):
  File "/Users/jiangshengping/wwwroot/shenzhen/spectrum/algorithm/projects/数据融合/prod/visual_server/backend/app/services/progress_ws.py", line 50, in _consume_loop
    conn = pika.BlockingConnection(pika.URLParameters(settings.rabbitmq_url))
  File "/Users/jiangshengping/wwwroot/shenzhen/spectrum/algorithm/projects/数据融合/prod/visual_server/backend/.venv/lib/python3.10/site-packages/pika/adapters/blocking_connection.py", line 360, in __init__
    self._impl = self._create_connection(parameters, _impl_class)
  File "/Users/jiangshengping/wwwroot/shenzhen/spectrum/algorithm/projects/数据融合/prod/visual_server/backend/.venv/lib/python3.10/site-packages/pika/adapters/blocking_connection.py", line 451, in _create_connection
    raise self._reap_last_connection_workflow_error(error)
pika.exceptions.AMQPConnectionError
mq consumer reconnecting
Traceback (most recent call last):
  File "/Users/jiangshengping/wwwroot/shenzhen/spectrum/algorithm/projects/数据融合/prod/visual_server/backend/app/services/progress_ws.py", line 50, in _consume_loop
    conn = pika.BlockingConnection(pika.URLParameters(settings.rabbitmq_url))
  File "/Users/jiangshengping/wwwroot/shenzhen/spectrum/algorithm/projects/数据融合/prod/visual_server/backend/.venv/lib/python3.10/site-packages/pika/adapters/blocking_connection.py", line 360, in __init__
    self._impl = self._create_connection(parameters, _impl_class)
  File "/Users/jiangshengping/wwwroot/shenzhen/spectrum/algorithm/projects/数据融合/prod/visual_server/backend/.venv/lib/python3.10/site-packages/pika/adapters/blocking_connection.py", line 451, in _create_connection
    raise self._reap_last_connection_workflow_error(error)
pika.exceptions.AMQPConnectionError
mq consumer reconnecting
Traceback (most recent call last):
  File "/Users/jiangshengping/wwwroot/shenzhen/spectrum/algorithm/projects/数据融合/prod/visual_server/backend/app/services/progress_ws.py", line 50, in _consume_loop
    conn = pika.BlockingConnection(pika.URLParameters(settings.rabbitmq_url))
  File "/Users/jiangshengping/wwwroot/shenzhen/spectrum/algorithm/projects/数据融合/prod/visual_server/backend/.venv/lib/python3.10/site-packages/pika/adapters/blocking_connection.py", line 360, in __init__
    self._impl = self._create_connection(parameters, _impl_class)
  File "/Users/jiangshengping/wwwroot/shenzhen/spectrum/algorithm/projects/数据融合/prod/visual_server/backend/.venv/lib/python3.10/site-packages/pika/adapters/blocking_connection.py", line 451, in _create_connection
    raise self._reap_last_connection_workflow_error(error)
pika.exceptions.AMQPConnectionError
mq consumer reconnecting
Traceback (most recent call last):
  File "/Users/jiangshengping/wwwroot/shenzhen/spectrum/algorithm/projects/数据融合/prod/visual_server/backend/app/services/progress_ws.py", line 50, in _consume_loop
    conn = pika.BlockingConnection(pika.URLParameters(settings.rabbitmq_url))
  File "/Users/jiangshengping/wwwroot/shenzhen/spectrum/algorithm/projects/数据融合/prod/visual_server/backend/.venv/lib/python3.10/site-packages/pika/adapters/blocking_connection.py", line 360, in __init__
    self._impl = self._create_connection(parameters, _impl_class)
  File "/Users/jiangshengping/wwwroot/shenzhen/spectrum/algorithm/projects/数据融合/prod/visual_server/backend/.venv/lib/python3.10/site-packages/pika/adapters/blocking_connection.py", line 451, in _create_connection
    raise self._reap_last_connection_workflow_error(error)
pika.exceptions.AMQPConnectionError
mq consumer reconnecting
Traceback (most recent call last):
  File "/Users/jiangshengping/wwwroot/shenzhen/spectrum/algorithm/projects/数据融合/prod/visual_server/backend/app/services/progress_ws.py", line 50, in _consume_loop
    conn = pika.BlockingConnection(pika.URLParameters(settings.rabbitmq_url))
  File "/Users/jiangshengping/wwwroot/shenzhen/spectrum/algorithm/projects/数据融合/prod/visual_server/backend/.venv/lib/python3.10/site-packages/pika/adapters/blocking_connection.py", line 360, in __init__
    self._impl = self._create_connection(parameters, _impl_class)
  File "/Users/jiangshengping/wwwroot/shenzhen/spectrum/algorithm/projects/数据融合/prod/visual_server/backend/.venv/lib/python3.10/site-packages/pika/adapters/blocking_connection.py", line 451, in _create_connection
    raise self._reap_last_connection_workflow_error(error)
pika.exceptions.AMQPConnectionError
mq consumer reconnecting
Traceback (most recent call last):
  File "/Users/jiangshengping/wwwroot/shenzhen/spectrum/algorithm/projects/数据融合/prod/visual_server/backend/app/services/progress_ws.py", line 50, in _consume_loop
    conn = pika.BlockingConnection(pika.URLParameters(settings.rabbitmq_url))
  File "/Users/jiangshengping/wwwroot/shenzhen/spectrum/algorithm/projects/数据融合/prod/visual_server/backend/.venv/lib/python3.10/site-packages/pika/adapters/blocking_connection.py", line 360, in __init__
    self._impl = self._create_connection(parameters, _impl_class)
  File "/Users/jiangshengping/wwwroot/shenzhen/spectrum/algorithm/projects/数据融合/prod/visual_server/backend/.venv/lib/python3.10/site-packages/pika/adapters/blocking_connection.py", line 451, in _create_connection
    raise self._reap_last_connection_workflow_error(error)
pika.exceptions.AMQPConnectionError
mq consumer reconnecting
Traceback (most recent call last):
  File "/Users/jiangshengping/wwwroot/shenzhen/spectrum/algorithm/projects/数据融合/prod/visual_server/backend/app/services/progress_ws.py", line 50, in _consume_loop
    conn = pika.BlockingConnection(pika.URLParameters(settings.rabbitmq_url))
  File "/Users/jiangshengping/wwwroot/shenzhen/spectrum/algorithm/projects/数据融合/prod/visual_server/backend/.venv/lib/python3.10/site-packages/pika/adapters/blocking_connection.py", line 360, in __init__
    self._impl = self._create_connection(parameters, _impl_class)
  File "/Users/jiangshengping/wwwroot/shenzhen/spectrum/algorithm/projects/数据融合/prod/visual_server/backend/.venv/lib/python3.10/site-packages/pika/adapters/blocking_connection.py", line 451, in _create_connection
    raise self._reap_last_connection_workflow_error(error)
pika.exceptions.AMQPConnectionError
mq consumer reconnecting
Traceback (most recent call last):
  File "/Users/jiangshengping/wwwroot/shenzhen/spectrum/algorithm/projects/数据融合/prod/visual_server/backend/app/services/progress_ws.py", line 50, in _consume_loop
    conn = pika.BlockingConnection(pika.URLParameters(settings.rabbitmq_url))
  File "/Users/jiangshengping/wwwroot/shenzhen/spectrum/algorithm/projects/数据融合/prod/visual_server/backend/.venv/lib/python3.10/site-packages/pika/adapters/blocking_connection.py", line 360, in __init__
    self._impl = self._create_connection(parameters, _impl_class)
  File "/Users/jiangshengping/wwwroot/shenzhen/spectrum/algorithm/projects/数据融合/prod/visual_server/backend/.venv/lib/python3.10/site-packages/pika/adapters/blocking_connection.py", line 451, in _create_connection
    raise self._reap_last_connection_workflow_error(error)
pika.exceptions.AMQPConnectionError
mq consumer reconnecting
Traceback (most recent call last):
  File "/Users/jiangshengping/wwwroot/shenzhen/spectrum/algorithm/projects/数据融合/prod/visual_server/backend/app/services/progress_ws.py", line 50, in _consume_loop
    conn = pika.BlockingConnection(pika.URLParameters(settings.rabbitmq_url))
  File "/Users/jiangshengping/wwwroot/shenzhen/spectrum/algorithm/projects/数据融合/prod/visual_server/backend/.venv/lib/python3.10/site-packages/pika/adapters/blocking_connection.py", line 360, in __init__
    self._impl = self._create_connection(parameters, _impl_class)
  File "/Users/jiangshengping/wwwroot/shenzhen/spectrum/algorithm/projects/数据融合/prod/visual_server/backend/.venv/lib/python3.10/site-packages/pika/adapters/blocking_connection.py", line 451, in _create_connection
    raise self._reap_last_connection_workflow_error(error)
pika.exceptions.AMQPConnectionError
mq consumer reconnecting
Traceback (most recent call last):
  File "/Users/jiangshengping/wwwroot/shenzhen/spectrum/algorithm/projects/数据融合/prod/visual_server/backend/app/services/progress_ws.py", line 50, in _consume_loop
    conn = pika.BlockingConnection(pika.URLParameters(settings.rabbitmq_url))
  File "/Users/jiangshengping/wwwroot/shenzhen/spectrum/algorithm/projects/数据融合/prod/visual_server/backend/.venv/lib/python3.10/site-packages/pika/adapters/blocking_connection.py", line 360, in __init__
    self._impl = self._create_connection(parameters, _impl_class)
  File "/Users/jiangshengping/wwwroot/shenzhen/spectrum/algorithm/projects/数据融合/prod/visual_server/backend/.venv/lib/python3.10/site-packages/pika/adapters/blocking_connection.py", line 451, in _create_connection
    raise self._reap_last_connection_workflow_error(error)
pika.exceptions.AMQPConnectionError
mq consumer reconnecting
Traceback (most recent call last):
  File "/Users/jiangshengping/wwwroot/shenzhen/spectrum/algorithm/projects/数据融合/prod/visual_server/backend/app/services/progress_ws.py", line 50, in _consume_loop
    conn = pika.BlockingConnection(pika.URLParameters(settings.rabbitmq_url))
  File "/Users/jiangshengping/wwwroot/shenzhen/spectrum/algorithm/projects/数据融合/prod/visual_server/backend/.venv/lib/python3.10/site-packages/pika/adapters/blocking_connection.py", line 360, in __init__
    self._impl = self._create_connection(parameters, _impl_class)
  File "/Users/jiangshengping/wwwroot/shenzhen/spectrum/algorithm/projects/数据融合/prod/visual_server/backend/.venv/lib/python3.10/site-packages/pika/adapters/blocking_connection.py", line 451, in _create_connection
    raise self._reap_last_connection_workflow_error(error)
pika.exceptions.AMQPConnectionError
mq consumer reconnecting
Traceback (most recent call last):
  File "/Users/jiangshengping/wwwroot/shenzhen/spectrum/algorithm/projects/数据融合/prod/visual_server/backend/app/services/progress_ws.py", line 50, in _consume_loop
    conn = pika.BlockingConnection(pika.URLParameters(settings.rabbitmq_url))
  File "/Users/jiangshengping/wwwroot/shenzhen/spectrum/algorithm/projects/数据融合/prod/visual_server/backend/.venv/lib/python3.10/site-packages/pika/adapters/blocking_connection.py", line 360, in __init__
    self._impl = self._create_connection(parameters, _impl_class)
  File "/Users/jiangshengping/wwwroot/shenzhen/spectrum/algorithm/projects/数据融合/prod/visual_server/backend/.venv/lib/python3.10/site-packages/pika/adapters/blocking_connection.py", line 451, in _create_connection
    raise self._reap_last_connection_workflow_error(error)
pika.exceptions.AMQPConnectionError
mq consumer reconnecting
Traceback (most recent call last):
  File "/Users/jiangshengping/wwwroot/shenzhen/spectrum/algorithm/projects/数据融合/prod/visual_server/backend/app/services/progress_ws.py", line 50, in _consume_loop
    conn = pika.BlockingConnection(pika.URLParameters(settings.rabbitmq_url))
  File "/Users/jiangshengping/wwwroot/shenzhen/spectrum/algorithm/projects/数据融合/prod/visual_server/backend/.venv/lib/python3.10/site-packages/pika/adapters/blocking_connection.py", line 360, in __init__
    self._impl = self._create_connection(parameters, _impl_class)
  File "/Users/jiangshengping/wwwroot/shenzhen/spectrum/algorithm/projects/数据融合/prod/visual_server/backend/.venv/lib/python3.10/site-packages/pika/adapters/blocking_connection.py", line 451, in _create_connection
    raise self._reap_last_connection_workflow_error(error)
pika.exceptions.AMQPConnectionError
mq consumer reconnecting
Traceback (most recent call last):
  File "/Users/jiangshengping/wwwroot/shenzhen/spectrum/algorithm/projects/数据融合/prod/visual_server/backend/app/services/progress_ws.py", line 50, in _consume_loop
    conn = pika.BlockingConnection(pika.URLParameters(settings.rabbitmq_url))
  File "/Users/jiangshengping/wwwroot/shenzhen/spectrum/algorithm/projects/数据融合/prod/visual_server/backend/.venv/lib/python3.10/site-packages/pika/adapters/blocking_connection.py", line 360, in __init__
    self._impl = self._create_connection(parameters, _impl_class)
  File "/Users/jiangshengping/wwwroot/shenzhen/spectrum/algorithm/projects/数据融合/prod/visual_server/backend/.venv/lib/python3.10/site-packages/pika/adapters/blocking_connection.py", line 451, in _create_connection
    raise self._reap_last_connection_workflow_error(error)
pika.exceptions.AMQPConnectionError
mq consumer reconnecting
Traceback (most recent call last):
  File "/Users/jiangshengping/wwwroot/shenzhen/spectrum/algorithm/projects/数据融合/prod/visual_server/backend/app/services/progress_ws.py", line 50, in _consume_loop
    conn = pika.BlockingConnection(pika.URLParameters(settings.rabbitmq_url))
  File "/Users/jiangshengping/wwwroot/shenzhen/spectrum/algorithm/projects/数据融合/prod/visual_server/backend/.venv/lib/python3.10/site-packages/pika/adapters/blocking_connection.py", line 360, in __init__
    self._impl = self._create_connection(parameters, _impl_class)
  File "/Users/jiangshengping/wwwroot/shenzhen/spectrum/algorithm/projects/数据融合/prod/visual_server/backend/.venv/lib/python3.10/site-packages/pika/adapters/blocking_connection.py", line 451, in _create_connection
    raise self._reap_last_connection_workflow_error(error)
pika.exceptions.AMQPConnectionError
mq consumer reconnecting
Traceback (most recent call last):
  File "/Users/jiangshengping/wwwroot/shenzhen/spectrum/algorithm/projects/数据融合/prod/visual_server/backend/app/services/progress_ws.py", line 50, in _consume_loop
    conn = pika.BlockingConnection(pika.URLParameters(settings.rabbitmq_url))
  File "/Users/jiangshengping/wwwroot/shenzhen/spectrum/algorithm/projects/数据融合/prod/visual_server/backend/.venv/lib/python3.10/site-packages/pika/adapters/blocking_connection.py", line 360, in __init__
    self._impl = self._create_connection(parameters, _impl_class)
  File "/Users/jiangshengping/wwwroot/shenzhen/spectrum/algorithm/projects/数据融合/prod/visual_server/backend/.venv/lib/python3.10/site-packages/pika/adapters/blocking_connection.py", line 451, in _create_connection
    raise self._reap_last_connection_workflow_error(error)
pika.exceptions.AMQPConnectionError
mq consumer reconnecting
Traceback (most recent call last):
  File "/Users/jiangshengping/wwwroot/shenzhen/spectrum/algorithm/projects/数据融合/prod/visual_server/backend/app/services/progress_ws.py", line 50, in _consume_loop
    conn = pika.BlockingConnection(pika.URLParameters(settings.rabbitmq_url))
  File "/Users/jiangshengping/wwwroot/shenzhen/spectrum/algorithm/projects/数据融合/prod/visual_server/backend/.venv/lib/python3.10/site-packages/pika/adapters/blocking_connection.py", line 360, in __init__
    self._impl = self._create_connection(parameters, _impl_class)
  File "/Users/jiangshengping/wwwroot/shenzhen/spectrum/algorithm/projects/数据融合/prod/visual_server/backend/.venv/lib/python3.10/site-packages/pika/adapters/blocking_connection.py", line 451, in _create_connection
    raise self._reap_last_connection_workflow_error(error)
pika.exceptions.AMQPConnectionError
mq consumer reconnecting
Traceback (most recent call last):
  File "/Users/jiangshengping/wwwroot/shenzhen/spectrum/algorithm/projects/数据融合/prod/visual_server/backend/app/services/progress_ws.py", line 50, in _consume_loop
    conn = pika.BlockingConnection(pika.URLParameters(settings.rabbitmq_url))
  File "/Users/jiangshengping/wwwroot/shenzhen/spectrum/algorithm/projects/数据融合/prod/visual_server/backend/.venv/lib/python3.10/site-packages/pika/adapters/blocking_connection.py", line 360, in __init__
    self._impl = self._create_connection(parameters, _impl_class)
  File "/Users/jiangshengping/wwwroot/shenzhen/spectrum/algorithm/projects/数据融合/prod/visual_server/backend/.venv/lib/python3.10/site-packages/pika/adapters/blocking_connection.py", line 451, in _create_connection
    raise self._reap_last_connection_workflow_error(error)
pika.exceptions.AMQPConnectionError
mq consumer reconnecting
Traceback (most recent call last):
  File "/Users/jiangshengping/wwwroot/shenzhen/spectrum/algorithm/projects/数据融合/prod/visual_server/backend/app/services/progress_ws.py", line 50, in _consume_loop
    conn = pika.BlockingConnection(pika.URLParameters(settings.rabbitmq_url))
  File "/Users/jiangshengping/wwwroot/shenzhen/spectrum/algorithm/projects/数据融合/prod/visual_server/backend/.venv/lib/python3.10/site-packages/pika/adapters/blocking_connection.py", line 360, in __init__
    self._impl = self._create_connection(parameters, _impl_class)
  File "/Users/jiangshengping/wwwroot/shenzhen/spectrum/algorithm/projects/数据融合/prod/visual_server/backend/.venv/lib/python3.10/site-packages/pika/adapters/blocking_connection.py", line 451, in _create_connection
    raise self._reap_last_connection_workflow_error(error)
pika.exceptions.AMQPConnectionError
mq consumer reconnecting
Traceback (most recent call last):
  File "/Users/jiangshengping/wwwroot/shenzhen/spectrum/algorithm/projects/数据融合/prod/visual_server/backend/app/services/progress_ws.py", line 50, in _consume_loop
    conn = pika.BlockingConnection(pika.URLParameters(settings.rabbitmq_url))
  File "/Users/jiangshengping/wwwroot/shenzhen/spectrum/algorithm/projects/数据融合/prod/visual_server/backend/.venv/lib/python3.10/site-packages/pika/adapters/blocking_connection.py", line 360, in __init__
    self._impl = self._create_connection(parameters, _impl_class)
  File "/Users/jiangshengping/wwwroot/shenzhen/spectrum/algorithm/projects/数据融合/prod/visual_server/backend/.venv/lib/python3.10/site-packages/pika/adapters/blocking_connection.py", line 451, in _create_connection
    raise self._reap_last_connection_workflow_error(error)
pika.exceptions.AMQPConnectionError
mq consumer reconnecting
Traceback (most recent call last):
  File "/Users/jiangshengping/wwwroot/shenzhen/spectrum/algorithm/projects/数据融合/prod/visual_server/backend/app/services/progress_ws.py", line 50, in _consume_loop
    conn = pika.BlockingConnection(pika.URLParameters(settings.rabbitmq_url))
  File "/Users/jiangshengping/wwwroot/shenzhen/spectrum/algorithm/projects/数据融合/prod/visual_server/backend/.venv/lib/python3.10/site-packages/pika/adapters/blocking_connection.py", line 360, in __init__
    self._impl = self._create_connection(parameters, _impl_class)
  File "/Users/jiangshengping/wwwroot/shenzhen/spectrum/algorithm/projects/数据融合/prod/visual_server/backend/.venv/lib/python3.10/site-packages/pika/adapters/blocking_connection.py", line 451, in _create_connection
    raise self._reap_last_connection_workflow_error(error)
pika.exceptions.AMQPConnectionError
mq consumer reconnecting
Traceback (most recent call last):
  File "/Users/jiangshengping/wwwroot/shenzhen/spectrum/algorithm/projects/数据融合/prod/visual_server/backend/app/services/progress_ws.py", line 50, in _consume_loop
    conn = pika.BlockingConnection(pika.URLParameters(settings.rabbitmq_url))
  File "/Users/jiangshengping/wwwroot/shenzhen/spectrum/algorithm/projects/数据融合/prod/visual_server/backend/.venv/lib/python3.10/site-packages/pika/adapters/blocking_connection.py", line 360, in __init__
    self._impl = self._create_connection(parameters, _impl_class)
  File "/Users/jiangshengping/wwwroot/shenzhen/spectrum/algorithm/projects/数据融合/prod/visual_server/backend/.venv/lib/python3.10/site-packages/pika/adapters/blocking_connection.py", line 451, in _create_connection
    raise self._reap_last_connection_workflow_error(error)
pika.exceptions.AMQPConnectionError
mq consumer reconnecting
Traceback (most recent call last):
  File "/Users/jiangshengping/wwwroot/shenzhen/spectrum/algorithm/projects/数据融合/prod/visual_server/backend/app/services/progress_ws.py", line 50, in _consume_loop
    conn = pika.BlockingConnection(pika.URLParameters(settings.rabbitmq_url))
  File "/Users/jiangshengping/wwwroot/shenzhen/spectrum/algorithm/projects/数据融合/prod/visual_server/backend/.venv/lib/python3.10/site-packages/pika/adapters/blocking_connection.py", line 360, in __init__
    self._impl = self._create_connection(parameters, _impl_class)
  File "/Users/jiangshengping/wwwroot/shenzhen/spectrum/algorithm/projects/数据融合/prod/visual_server/backend/.venv/lib/python3.10/site-packages/pika/adapters/blocking_connection.py", line 451, in _create_connection
    raise self._reap_last_connection_workflow_error(error)
pika.exceptions.AMQPConnectionError
mq consumer reconnecting
Traceback (most recent call last):
  File "/Users/jiangshengping/wwwroot/shenzhen/spectrum/algorithm/projects/数据融合/prod/visual_server/backend/app/services/progress_ws.py", line 50, in _consume_loop
    conn = pika.BlockingConnection(pika.URLParameters(settings.rabbitmq_url))
  File "/Users/jiangshengping/wwwroot/shenzhen/spectrum/algorithm/projects/数据融合/prod/visual_server/backend/.venv/lib/python3.10/site-packages/pika/adapters/blocking_connection.py", line 360, in __init__
    self._impl = self._create_connection(parameters, _impl_class)
  File "/Users/jiangshengping/wwwroot/shenzhen/spectrum/algorithm/projects/数据融合/prod/visual_server/backend/.venv/lib/python3.10/site-packages/pika/adapters/blocking_connection.py", line 451, in _create_connection
    raise self._reap_last_connection_workflow_error(error)
pika.exceptions.AMQPConnectionError
mq consumer reconnecting
Traceback (most recent call last):
  File "/Users/jiangshengping/wwwroot/shenzhen/spectrum/algorithm/projects/数据融合/prod/visual_server/backend/app/services/progress_ws.py", line 50, in _consume_loop
    conn = pika.BlockingConnection(pika.URLParameters(settings.rabbitmq_url))
  File "/Users/jiangshengping/wwwroot/shenzhen/spectrum/algorithm/projects/数据融合/prod/visual_server/backend/.venv/lib/python3.10/site-packages/pika/adapters/blocking_connection.py", line 360, in __init__
    self._impl = self._create_connection(parameters, _impl_class)
  File "/Users/jiangshengping/wwwroot/shenzhen/spectrum/algorithm/projects/数据融合/prod/visual_server/backend/.venv/lib/python3.10/site-packages/pika/adapters/blocking_connection.py", line 451, in _create_connection
    raise self._reap_last_connection_workflow_error(error)
pika.exceptions.AMQPConnectionError
mq consumer reconnecting
Traceback (most recent call last):
  File "/Users/jiangshengping/wwwroot/shenzhen/spectrum/algorithm/projects/数据融合/prod/visual_server/backend/app/services/progress_ws.py", line 50, in _consume_loop
    conn = pika.BlockingConnection(pika.URLParameters(settings.rabbitmq_url))
  File "/Users/jiangshengping/wwwroot/shenzhen/spectrum/algorithm/projects/数据融合/prod/visual_server/backend/.venv/lib/python3.10/site-packages/pika/adapters/blocking_connection.py", line 360, in __init__
    self._impl = self._create_connection(parameters, _impl_class)
  File "/Users/jiangshengping/wwwroot/shenzhen/spectrum/algorithm/projects/数据融合/prod/visual_server/backend/.venv/lib/python3.10/site-packages/pika/adapters/blocking_connection.py", line 451, in _create_connection
    raise self._reap_last_connection_workflow_error(error)
pika.exceptions.AMQPConnectionError
mq consumer reconnecting
Traceback (most recent call last):
  File "/Users/jiangshengping/wwwroot/shenzhen/spectrum/algorithm/projects/数据融合/prod/visual_server/backend/app/services/progress_ws.py", line 50, in _consume_loop
    conn = pika.BlockingConnection(pika.URLParameters(settings.rabbitmq_url))
  File "/Users/jiangshengping/wwwroot/shenzhen/spectrum/algorithm/projects/数据融合/prod/visual_server/backend/.venv/lib/python3.10/site-packages/pika/adapters/blocking_connection.py", line 360, in __init__
    self._impl = self._create_connection(parameters, _impl_class)
  File "/Users/jiangshengping/wwwroot/shenzhen/spectrum/algorithm/projects/数据融合/prod/visual_server/backend/.venv/lib/python3.10/site-packages/pika/adapters/blocking_connection.py", line 451, in _create_connection
    raise self._reap_last_connection_workflow_error(error)
pika.exceptions.AMQPConnectionError
mq consumer reconnecting
Traceback (most recent call last):
  File "/Users/jiangshengping/wwwroot/shenzhen/spectrum/algorithm/projects/数据融合/prod/visual_server/backend/app/services/progress_ws.py", line 50, in _consume_loop
    conn = pika.BlockingConnection(pika.URLParameters(settings.rabbitmq_url))
  File "/Users/jiangshengping/wwwroot/shenzhen/spectrum/algorithm/projects/数据融合/prod/visual_server/backend/.venv/lib/python3.10/site-packages/pika/adapters/blocking_connection.py", line 360, in __init__
    self._impl = self._create_connection(parameters, _impl_class)
  File "/Users/jiangshengping/wwwroot/shenzhen/spectrum/algorithm/projects/数据融合/prod/visual_server/backend/.venv/lib/python3.10/site-packages/pika/adapters/blocking_connection.py", line 451, in _create_connection
    raise self._reap_last_connection_workflow_error(error)
pika.exceptions.AMQPConnectionError
mq consumer reconnecting
Traceback (most recent call last):
  File "/Users/jiangshengping/wwwroot/shenzhen/spectrum/algorithm/projects/数据融合/prod/visual_server/backend/app/services/progress_ws.py", line 50, in _consume_loop
    conn = pika.BlockingConnection(pika.URLParameters(settings.rabbitmq_url))
  File "/Users/jiangshengping/wwwroot/shenzhen/spectrum/algorithm/projects/数据融合/prod/visual_server/backend/.venv/lib/python3.10/site-packages/pika/adapters/blocking_connection.py", line 360, in __init__
    self._impl = self._create_connection(parameters, _impl_class)
  File "/Users/jiangshengping/wwwroot/shenzhen/spectrum/algorithm/projects/数据融合/prod/visual_server/backend/.venv/lib/python3.10/site-packages/pika/adapters/blocking_connection.py", line 451, in _create_connection
    raise self._reap_last_connection_workflow_error(error)
pika.exceptions.AMQPConnectionError
mq consumer reconnecting
Traceback (most recent call last):
  File "/Users/jiangshengping/wwwroot/shenzhen/spectrum/algorithm/projects/数据融合/prod/visual_server/backend/app/services/progress_ws.py", line 50, in _consume_loop
    conn = pika.BlockingConnection(pika.URLParameters(settings.rabbitmq_url))
  File "/Users/jiangshengping/wwwroot/shenzhen/spectrum/algorithm/projects/数据融合/prod/visual_server/backend/.venv/lib/python3.10/site-packages/pika/adapters/blocking_connection.py", line 360, in __init__
    self._impl = self._create_connection(parameters, _impl_class)
  File "/Users/jiangshengping/wwwroot/shenzhen/spectrum/algorithm/projects/数据融合/prod/visual_server/backend/.venv/lib/python3.10/site-packages/pika/adapters/blocking_connection.py", line 451, in _create_connection
    raise self._reap_last_connection_workflow_error(error)
pika.exceptions.AMQPConnectionError
mq consumer reconnecting
Traceback (most recent call last):
  File "/Users/jiangshengping/wwwroot/shenzhen/spectrum/algorithm/projects/数据融合/prod/visual_server/backend/app/services/progress_ws.py", line 50, in _consume_loop
    conn = pika.BlockingConnection(pika.URLParameters(settings.rabbitmq_url))
  File "/Users/jiangshengping/wwwroot/shenzhen/spectrum/algorithm/projects/数据融合/prod/visual_server/backend/.venv/lib/python3.10/site-packages/pika/adapters/blocking_connection.py", line 360, in __init__
    self._impl = self._create_connection(parameters, _impl_class)
  File "/Users/jiangshengping/wwwroot/shenzhen/spectrum/algorithm/projects/数据融合/prod/visual_server/backend/.venv/lib/python3.10/site-packages/pika/adapters/blocking_connection.py", line 451, in _create_connection
    raise self._reap_last_connection_workflow_error(error)
pika.exceptions.AMQPConnectionError
mq consumer reconnecting
Traceback (most recent call last):
  File "/Users/jiangshengping/wwwroot/shenzhen/spectrum/algorithm/projects/数据融合/prod/visual_server/backend/app/services/progress_ws.py", line 50, in _consume_loop
    conn = pika.BlockingConnection(pika.URLParameters(settings.rabbitmq_url))
  File "/Users/jiangshengping/wwwroot/shenzhen/spectrum/algorithm/projects/数据融合/prod/visual_server/backend/.venv/lib/python3.10/site-packages/pika/adapters/blocking_connection.py", line 360, in __init__
    self._impl = self._create_connection(parameters, _impl_class)
  File "/Users/jiangshengping/wwwroot/shenzhen/spectrum/algorithm/projects/数据融合/prod/visual_server/backend/.venv/lib/python3.10/site-packages/pika/adapters/blocking_connection.py", line 451, in _create_connection
    raise self._reap_last_connection_workflow_error(error)
pika.exceptions.AMQPConnectionError
mq consumer reconnecting
Traceback (most recent call last):
  File "/Users/jiangshengping/wwwroot/shenzhen/spectrum/algorithm/projects/数据融合/prod/visual_server/backend/app/services/progress_ws.py", line 50, in _consume_loop
    conn = pika.BlockingConnection(pika.URLParameters(settings.rabbitmq_url))
  File "/Users/jiangshengping/wwwroot/shenzhen/spectrum/algorithm/projects/数据融合/prod/visual_server/backend/.venv/lib/python3.10/site-packages/pika/adapters/blocking_connection.py", line 360, in __init__
    self._impl = self._create_connection(parameters, _impl_class)
  File "/Users/jiangshengping/wwwroot/shenzhen/spectrum/algorithm/projects/数据融合/prod/visual_server/backend/.venv/lib/python3.10/site-packages/pika/adapters/blocking_connection.py", line 451, in _create_connection
    raise self._reap_last_connection_workflow_error(error)
pika.exceptions.AMQPConnectionError
mq consumer reconnecting
Traceback (most recent call last):
  File "/Users/jiangshengping/wwwroot/shenzhen/spectrum/algorithm/projects/数据融合/prod/visual_server/backend/app/services/progress_ws.py", line 50, in _consume_loop
    conn = pika.BlockingConnection(pika.URLParameters(settings.rabbitmq_url))
  File "/Users/jiangshengping/wwwroot/shenzhen/spectrum/algorithm/projects/数据融合/prod/visual_server/backend/.venv/lib/python3.10/site-packages/pika/adapters/blocking_connection.py", line 360, in __init__
    self._impl = self._create_connection(parameters, _impl_class)
  File "/Users/jiangshengping/wwwroot/shenzhen/spectrum/algorithm/projects/数据融合/prod/visual_server/backend/.venv/lib/python3.10/site-packages/pika/adapters/blocking_connection.py", line 451, in _create_connection
    raise self._reap_last_connection_workflow_error(error)
pika.exceptions.AMQPConnectionError
mq consumer reconnecting
Traceback (most recent call last):
  File "/Users/jiangshengping/wwwroot/shenzhen/spectrum/algorithm/projects/数据融合/prod/visual_server/backend/app/services/progress_ws.py", line 50, in _consume_loop
    conn = pika.BlockingConnection(pika.URLParameters(settings.rabbitmq_url))
  File "/Users/jiangshengping/wwwroot/shenzhen/spectrum/algorithm/projects/数据融合/prod/visual_server/backend/.venv/lib/python3.10/site-packages/pika/adapters/blocking_connection.py", line 360, in __init__
    self._impl = self._create_connection(parameters, _impl_class)
  File "/Users/jiangshengping/wwwroot/shenzhen/spectrum/algorithm/projects/数据融合/prod/visual_server/backend/.venv/lib/python3.10/site-packages/pika/adapters/blocking_connection.py", line 451, in _create_connection
    raise self._reap_last_connection_workflow_error(error)
pika.exceptions.AMQPConnectionError
mq consumer reconnecting
Traceback (most recent call last):
  File "/Users/jiangshengping/wwwroot/shenzhen/spectrum/algorithm/projects/数据融合/prod/visual_server/backend/app/services/progress_ws.py", line 50, in _consume_loop
    conn = pika.BlockingConnection(pika.URLParameters(settings.rabbitmq_url))
  File "/Users/jiangshengping/wwwroot/shenzhen/spectrum/algorithm/projects/数据融合/prod/visual_server/backend/.venv/lib/python3.10/site-packages/pika/adapters/blocking_connection.py", line 360, in __init__
    self._impl = self._create_connection(parameters, _impl_class)
  File "/Users/jiangshengping/wwwroot/shenzhen/spectrum/algorithm/projects/数据融合/prod/visual_server/backend/.venv/lib/python3.10/site-packages/pika/adapters/blocking_connection.py", line 451, in _create_connection
    raise self._reap_last_connection_workflow_error(error)
pika.exceptions.AMQPConnectionError
mq consumer reconnecting
Traceback (most recent call last):
  File "/Users/jiangshengping/wwwroot/shenzhen/spectrum/algorithm/projects/数据融合/prod/visual_server/backend/app/services/progress_ws.py", line 50, in _consume_loop
    conn = pika.BlockingConnection(pika.URLParameters(settings.rabbitmq_url))
  File "/Users/jiangshengping/wwwroot/shenzhen/spectrum/algorithm/projects/数据融合/prod/visual_server/backend/.venv/lib/python3.10/site-packages/pika/adapters/blocking_connection.py", line 360, in __init__
    self._impl = self._create_connection(parameters, _impl_class)
  File "/Users/jiangshengping/wwwroot/shenzhen/spectrum/algorithm/projects/数据融合/prod/visual_server/backend/.venv/lib/python3.10/site-packages/pika/adapters/blocking_connection.py", line 451, in _create_connection
    raise self._reap_last_connection_workflow_error(error)
pika.exceptions.AMQPConnectionError
mq consumer reconnecting
Traceback (most recent call last):
  File "/Users/jiangshengping/wwwroot/shenzhen/spectrum/algorithm/projects/数据融合/prod/visual_server/backend/app/services/progress_ws.py", line 50, in _consume_loop
    conn = pika.BlockingConnection(pika.URLParameters(settings.rabbitmq_url))
  File "/Users/jiangshengping/wwwroot/shenzhen/spectrum/algorithm/projects/数据融合/prod/visual_server/backend/.venv/lib/python3.10/site-packages/pika/adapters/blocking_connection.py", line 360, in __init__
    self._impl = self._create_connection(parameters, _impl_class)
  File "/Users/jiangshengping/wwwroot/shenzhen/spectrum/algorithm/projects/数据融合/prod/visual_server/backend/.venv/lib/python3.10/site-packages/pika/adapters/blocking_connection.py", line 451, in _create_connection
    raise self._reap_last_connection_workflow_error(error)
pika.exceptions.AMQPConnectionError
mq consumer reconnecting
Traceback (most recent call last):
  File "/Users/jiangshengping/wwwroot/shenzhen/spectrum/algorithm/projects/数据融合/prod/visual_server/backend/app/services/progress_ws.py", line 50, in _consume_loop
    conn = pika.BlockingConnection(pika.URLParameters(settings.rabbitmq_url))
  File "/Users/jiangshengping/wwwroot/shenzhen/spectrum/algorithm/projects/数据融合/prod/visual_server/backend/.venv/lib/python3.10/site-packages/pika/adapters/blocking_connection.py", line 360, in __init__
    self._impl = self._create_connection(parameters, _impl_class)
  File "/Users/jiangshengping/wwwroot/shenzhen/spectrum/algorithm/projects/数据融合/prod/visual_server/backend/.venv/lib/python3.10/site-packages/pika/adapters/blocking_connection.py", line 451, in _create_connection
    raise self._reap_last_connection_workflow_error(error)
pika.exceptions.AMQPConnectionError
mq consumer reconnecting
Traceback (most recent call last):
  File "/Users/jiangshengping/wwwroot/shenzhen/spectrum/algorithm/projects/数据融合/prod/visual_server/backend/app/services/progress_ws.py", line 50, in _consume_loop
    conn = pika.BlockingConnection(pika.URLParameters(settings.rabbitmq_url))
  File "/Users/jiangshengping/wwwroot/shenzhen/spectrum/algorithm/projects/数据融合/prod/visual_server/backend/.venv/lib/python3.10/site-packages/pika/adapters/blocking_connection.py", line 360, in __init__
    self._impl = self._create_connection(parameters, _impl_class)
  File "/Users/jiangshengping/wwwroot/shenzhen/spectrum/algorithm/projects/数据融合/prod/visual_server/backend/.venv/lib/python3.10/site-packages/pika/adapters/blocking_connection.py", line 451, in _create_connection
    raise self._reap_last_connection_workflow_error(error)
pika.exceptions.AMQPConnectionError
mq consumer reconnecting
Traceback (most recent call last):
  File "/Users/jiangshengping/wwwroot/shenzhen/spectrum/algorithm/projects/数据融合/prod/visual_server/backend/app/services/progress_ws.py", line 50, in _consume_loop
    conn = pika.BlockingConnection(pika.URLParameters(settings.rabbitmq_url))
  File "/Users/jiangshengping/wwwroot/shenzhen/spectrum/algorithm/projects/数据融合/prod/visual_server/backend/.venv/lib/python3.10/site-packages/pika/adapters/blocking_connection.py", line 360, in __init__
    self._impl = self._create_connection(parameters, _impl_class)
  File "/Users/jiangshengping/wwwroot/shenzhen/spectrum/algorithm/projects/数据融合/prod/visual_server/backend/.venv/lib/python3.10/site-packages/pika/adapters/blocking_connection.py", line 451, in _create_connection
    raise self._reap_last_connection_workflow_error(error)
pika.exceptions.AMQPConnectionError
mq consumer reconnecting
Traceback (most recent call last):
  File "/Users/jiangshengping/wwwroot/shenzhen/spectrum/algorithm/projects/数据融合/prod/visual_server/backend/app/services/progress_ws.py", line 50, in _consume_loop
    conn = pika.BlockingConnection(pika.URLParameters(settings.rabbitmq_url))
  File "/Users/jiangshengping/wwwroot/shenzhen/spectrum/algorithm/projects/数据融合/prod/visual_server/backend/.venv/lib/python3.10/site-packages/pika/adapters/blocking_connection.py", line 360, in __init__
    self._impl = self._create_connection(parameters, _impl_class)
  File "/Users/jiangshengping/wwwroot/shenzhen/spectrum/algorithm/projects/数据融合/prod/visual_server/backend/.venv/lib/python3.10/site-packages/pika/adapters/blocking_connection.py", line 451, in _create_connection
    raise self._reap_last_connection_workflow_error(error)
pika.exceptions.AMQPConnectionError
mq consumer reconnecting
Traceback (most recent call last):
  File "/Users/jiangshengping/wwwroot/shenzhen/spectrum/algorithm/projects/数据融合/prod/visual_server/backend/app/services/progress_ws.py", line 50, in _consume_loop
    conn = pika.BlockingConnection(pika.URLParameters(settings.rabbitmq_url))
  File "/Users/jiangshengping/wwwroot/shenzhen/spectrum/algorithm/projects/数据融合/prod/visual_server/backend/.venv/lib/python3.10/site-packages/pika/adapters/blocking_connection.py", line 360, in __init__
    self._impl = self._create_connection(parameters, _impl_class)
  File "/Users/jiangshengping/wwwroot/shenzhen/spectrum/algorithm/projects/数据融合/prod/visual_server/backend/.venv/lib/python3.10/site-packages/pika/adapters/blocking_connection.py", line 451, in _create_connection
    raise self._reap_last_connection_workflow_error(error)
pika.exceptions.AMQPConnectionError
mq consumer reconnecting
Traceback (most recent call last):
  File "/Users/jiangshengping/wwwroot/shenzhen/spectrum/algorithm/projects/数据融合/prod/visual_server/backend/app/services/progress_ws.py", line 50, in _consume_loop
    conn = pika.BlockingConnection(pika.URLParameters(settings.rabbitmq_url))
  File "/Users/jiangshengping/wwwroot/shenzhen/spectrum/algorithm/projects/数据融合/prod/visual_server/backend/.venv/lib/python3.10/site-packages/pika/adapters/blocking_connection.py", line 360, in __init__
    self._impl = self._create_connection(parameters, _impl_class)
  File "/Users/jiangshengping/wwwroot/shenzhen/spectrum/algorithm/projects/数据融合/prod/visual_server/backend/.venv/lib/python3.10/site-packages/pika/adapters/blocking_connection.py", line 451, in _create_connection
    raise self._reap_last_connection_workflow_error(error)
pika.exceptions.AMQPConnectionError
mq consumer reconnecting
Traceback (most recent call last):
  File "/Users/jiangshengping/wwwroot/shenzhen/spectrum/algorithm/projects/数据融合/prod/visual_server/backend/app/services/progress_ws.py", line 50, in _consume_loop
    conn = pika.BlockingConnection(pika.URLParameters(settings.rabbitmq_url))
  File "/Users/jiangshengping/wwwroot/shenzhen/spectrum/algorithm/projects/数据融合/prod/visual_server/backend/.venv/lib/python3.10/site-packages/pika/adapters/blocking_connection.py", line 360, in __init__
    self._impl = self._create_connection(parameters, _impl_class)
  File "/Users/jiangshengping/wwwroot/shenzhen/spectrum/algorithm/projects/数据融合/prod/visual_server/backend/.venv/lib/python3.10/site-packages/pika/adapters/blocking_connection.py", line 451, in _create_connection
    raise self._reap_last_connection_workflow_error(error)
pika.exceptions.AMQPConnectionError
mq consumer reconnecting
Traceback (most recent call last):
  File "/Users/jiangshengping/wwwroot/shenzhen/spectrum/algorithm/projects/数据融合/prod/visual_server/backend/app/services/progress_ws.py", line 50, in _consume_loop
    conn = pika.BlockingConnection(pika.URLParameters(settings.rabbitmq_url))
  File "/Users/jiangshengping/wwwroot/shenzhen/spectrum/algorithm/projects/数据融合/prod/visual_server/backend/.venv/lib/python3.10/site-packages/pika/adapters/blocking_connection.py", line 360, in __init__
    self._impl = self._create_connection(parameters, _impl_class)
  File "/Users/jiangshengping/wwwroot/shenzhen/spectrum/algorithm/projects/数据融合/prod/visual_server/backend/.venv/lib/python3.10/site-packages/pika/adapters/blocking_connection.py", line 451, in _create_connection
    raise self._reap_last_connection_workflow_error(error)
pika.exceptions.AMQPConnectionError
mq consumer reconnecting
Traceback (most recent call last):
  File "/Users/jiangshengping/wwwroot/shenzhen/spectrum/algorithm/projects/数据融合/prod/visual_server/backend/app/services/progress_ws.py", line 50, in _consume_loop
    conn = pika.BlockingConnection(pika.URLParameters(settings.rabbitmq_url))
  File "/Users/jiangshengping/wwwroot/shenzhen/spectrum/algorithm/projects/数据融合/prod/visual_server/backend/.venv/lib/python3.10/site-packages/pika/adapters/blocking_connection.py", line 360, in __init__
    self._impl = self._create_connection(parameters, _impl_class)
  File "/Users/jiangshengping/wwwroot/shenzhen/spectrum/algorithm/projects/数据融合/prod/visual_server/backend/.venv/lib/python3.10/site-packages/pika/adapters/blocking_connection.py", line 451, in _create_connection
    raise self._reap_last_connection_workflow_error(error)
pika.exceptions.IncompatibleProtocolError: StreamLostError: ("Stream connection lost: ConnectionResetError(54, 'Connection reset by peer')",)
mq consumer reconnecting
Traceback (most recent call last):
  File "/Users/jiangshengping/wwwroot/shenzhen/spectrum/algorithm/projects/数据融合/prod/visual_server/backend/app/services/progress_ws.py", line 50, in _consume_loop
    conn = pika.BlockingConnection(pika.URLParameters(settings.rabbitmq_url))
  File "/Users/jiangshengping/wwwroot/shenzhen/spectrum/algorithm/projects/数据融合/prod/visual_server/backend/.venv/lib/python3.10/site-packages/pika/adapters/blocking_connection.py", line 360, in __init__
    self._impl = self._create_connection(parameters, _impl_class)
  File "/Users/jiangshengping/wwwroot/shenzhen/spectrum/algorithm/projects/数据融合/prod/visual_server/backend/.venv/lib/python3.10/site-packages/pika/adapters/blocking_connection.py", line 451, in _create_connection
    raise self._reap_last_connection_workflow_error(error)
pika.exceptions.IncompatibleProtocolError: StreamLostError: ("Stream connection lost: ConnectionResetError(54, 'Connection reset by peer')",)
mq consumer reconnecting
Traceback (most recent call last):
  File "/Users/jiangshengping/wwwroot/shenzhen/spectrum/algorithm/projects/数据融合/prod/visual_server/backend/app/services/progress_ws.py", line 50, in _consume_loop
    conn = pika.BlockingConnection(pika.URLParameters(settings.rabbitmq_url))
  File "/Users/jiangshengping/wwwroot/shenzhen/spectrum/algorithm/projects/数据融合/prod/visual_server/backend/.venv/lib/python3.10/site-packages/pika/adapters/blocking_connection.py", line 360, in __init__
    self._impl = self._create_connection(parameters, _impl_class)
  File "/Users/jiangshengping/wwwroot/shenzhen/spectrum/algorithm/projects/数据融合/prod/visual_server/backend/.venv/lib/python3.10/site-packages/pika/adapters/blocking_connection.py", line 451, in _create_connection
    raise self._reap_last_connection_workflow_error(error)
pika.exceptions.IncompatibleProtocolError: StreamLostError: ("Stream connection lost: ConnectionResetError(54, 'Connection reset by peer')",)
mq consumer reconnecting
Traceback (most recent call last):
  File "/Users/jiangshengping/wwwroot/shenzhen/spectrum/algorithm/projects/数据融合/prod/visual_server/backend/app/services/progress_ws.py", line 50, in _consume_loop
    conn = pika.BlockingConnection(pika.URLParameters(settings.rabbitmq_url))
  File "/Users/jiangshengping/wwwroot/shenzhen/spectrum/algorithm/projects/数据融合/prod/visual_server/backend/.venv/lib/python3.10/site-packages/pika/adapters/blocking_connection.py", line 360, in __init__
    self._impl = self._create_connection(parameters, _impl_class)
  File "/Users/jiangshengping/wwwroot/shenzhen/spectrum/algorithm/projects/数据融合/prod/visual_server/backend/.venv/lib/python3.10/site-packages/pika/adapters/blocking_connection.py", line 451, in _create_connection
    raise self._reap_last_connection_workflow_error(error)
pika.exceptions.IncompatibleProtocolError: StreamLostError: ('Transport indicated EOF',)
mq consumer reconnecting
Traceback (most recent call last):
  File "/Users/jiangshengping/wwwroot/shenzhen/spectrum/algorithm/projects/数据融合/prod/visual_server/backend/app/services/progress_ws.py", line 50, in _consume_loop
    conn = pika.BlockingConnection(pika.URLParameters(settings.rabbitmq_url))
  File "/Users/jiangshengping/wwwroot/shenzhen/spectrum/algorithm/projects/数据融合/prod/visual_server/backend/.venv/lib/python3.10/site-packages/pika/adapters/blocking_connection.py", line 360, in __init__
    self._impl = self._create_connection(parameters, _impl_class)
  File "/Users/jiangshengping/wwwroot/shenzhen/spectrum/algorithm/projects/数据融合/prod/visual_server/backend/.venv/lib/python3.10/site-packages/pika/adapters/blocking_connection.py", line 451, in _create_connection
    raise self._reap_last_connection_workflow_error(error)
pika.exceptions.IncompatibleProtocolError: StreamLostError: ("Stream connection lost: ConnectionResetError(54, 'Connection reset by peer')",)
mq consumer reconnecting
Traceback (most recent call last):
  File "/Users/jiangshengping/wwwroot/shenzhen/spectrum/algorithm/projects/数据融合/prod/visual_server/backend/app/services/progress_ws.py", line 50, in _consume_loop
    conn = pika.BlockingConnection(pika.URLParameters(settings.rabbitmq_url))
  File "/Users/jiangshengping/wwwroot/shenzhen/spectrum/algorithm/projects/数据融合/prod/visual_server/backend/.venv/lib/python3.10/site-packages/pika/adapters/blocking_connection.py", line 360, in __init__
    self._impl = self._create_connection(parameters, _impl_class)
  File "/Users/jiangshengping/wwwroot/shenzhen/spectrum/algorithm/projects/数据融合/prod/visual_server/backend/.venv/lib/python3.10/site-packages/pika/adapters/blocking_connection.py", line 451, in _create_connection
    raise self._reap_last_connection_workflow_error(error)
pika.exceptions.IncompatibleProtocolError: StreamLostError: ('Transport indicated EOF',)
mq consumer reconnecting
Traceback (most recent call last):
  File "/Users/jiangshengping/wwwroot/shenzhen/spectrum/algorithm/projects/数据融合/prod/visual_server/backend/app/services/progress_ws.py", line 50, in _consume_loop
    conn = pika.BlockingConnection(pika.URLParameters(settings.rabbitmq_url))
  File "/Users/jiangshengping/wwwroot/shenzhen/spectrum/algorithm/projects/数据融合/prod/visual_server/backend/.venv/lib/python3.10/site-packages/pika/adapters/blocking_connection.py", line 360, in __init__
    self._impl = self._create_connection(parameters, _impl_class)
  File "/Users/jiangshengping/wwwroot/shenzhen/spectrum/algorithm/projects/数据融合/prod/visual_server/backend/.venv/lib/python3.10/site-packages/pika/adapters/blocking_connection.py", line 451, in _create_connection
    raise self._reap_last_connection_workflow_error(error)
pika.exceptions.IncompatibleProtocolError: StreamLostError: ("Stream connection lost: ConnectionResetError(54, 'Connection reset by peer')",)
mq consumer reconnecting
Traceback (most recent call last):
  File "/Users/jiangshengping/wwwroot/shenzhen/spectrum/algorithm/projects/数据融合/prod/visual_server/backend/app/services/progress_ws.py", line 50, in _consume_loop
    conn = pika.BlockingConnection(pika.URLParameters(settings.rabbitmq_url))
  File "/Users/jiangshengping/wwwroot/shenzhen/spectrum/algorithm/projects/数据融合/prod/visual_server/backend/.venv/lib/python3.10/site-packages/pika/adapters/blocking_connection.py", line 360, in __init__
    self._impl = self._create_connection(parameters, _impl_class)
  File "/Users/jiangshengping/wwwroot/shenzhen/spectrum/algorithm/projects/数据融合/prod/visual_server/backend/.venv/lib/python3.10/site-packages/pika/adapters/blocking_connection.py", line 451, in _create_connection
    raise self._reap_last_connection_workflow_error(error)
pika.exceptions.IncompatibleProtocolError: StreamLostError: ("Stream connection lost: ConnectionResetError(54, 'Connection reset by peer')",)
INFO:     127.0.0.1:54094 - "GET /api/health HTTP/1.1" 200 OK
mq consumer reconnecting
Traceback (most recent call last):
  File "/Users/jiangshengping/wwwroot/shenzhen/spectrum/algorithm/projects/数据融合/prod/visual_server/backend/app/services/progress_ws.py", line 50, in _consume_loop
    conn = pika.BlockingConnection(pika.URLParameters(settings.rabbitmq_url))
  File "/Users/jiangshengping/wwwroot/shenzhen/spectrum/algorithm/projects/数据融合/prod/visual_server/backend/.venv/lib/python3.10/site-packages/pika/adapters/blocking_connection.py", line 360, in __init__
    self._impl = self._create_connection(parameters, _impl_class)
  File "/Users/jiangshengping/wwwroot/shenzhen/spectrum/algorithm/projects/数据融合/prod/visual_server/backend/.venv/lib/python3.10/site-packages/pika/adapters/blocking_connection.py", line 451, in _create_connection
    raise self._reap_last_connection_workflow_error(error)
pika.exceptions.IncompatibleProtocolError: StreamLostError: ("Stream connection lost: ConnectionResetError(54, 'Connection reset by peer')",)
mq consumer reconnecting
Traceback (most recent call last):
  File "/Users/jiangshengping/wwwroot/shenzhen/spectrum/algorithm/projects/数据融合/prod/visual_server/backend/app/services/progress_ws.py", line 50, in _consume_loop
    conn = pika.BlockingConnection(pika.URLParameters(settings.rabbitmq_url))
  File "/Users/jiangshengping/wwwroot/shenzhen/spectrum/algorithm/projects/数据融合/prod/visual_server/backend/.venv/lib/python3.10/site-packages/pika/adapters/blocking_connection.py", line 360, in __init__
    self._impl = self._create_connection(parameters, _impl_class)
  File "/Users/jiangshengping/wwwroot/shenzhen/spectrum/algorithm/projects/数据融合/prod/visual_server/backend/.venv/lib/python3.10/site-packages/pika/adapters/blocking_connection.py", line 451, in _create_connection
    raise self._reap_last_connection_workflow_error(error)
pika.exceptions.IncompatibleProtocolError: StreamLostError: ("Stream connection lost: ConnectionResetError(54, 'Connection reset by peer')",)
mq consumer reconnecting
Traceback (most recent call last):
  File "/Users/jiangshengping/wwwroot/shenzhen/spectrum/algorithm/projects/数据融合/prod/visual_server/backend/app/services/progress_ws.py", line 50, in _consume_loop
    conn = pika.BlockingConnection(pika.URLParameters(settings.rabbitmq_url))
  File "/Users/jiangshengping/wwwroot/shenzhen/spectrum/algorithm/projects/数据融合/prod/visual_server/backend/.venv/lib/python3.10/site-packages/pika/adapters/blocking_connection.py", line 360, in __init__
    self._impl = self._create_connection(parameters, _impl_class)
  File "/Users/jiangshengping/wwwroot/shenzhen/spectrum/algorithm/projects/数据融合/prod/visual_server/backend/.venv/lib/python3.10/site-packages/pika/adapters/blocking_connection.py", line 451, in _create_connection
    raise self._reap_last_connection_workflow_error(error)
pika.exceptions.IncompatibleProtocolError: StreamLostError: ("Stream connection lost: ConnectionResetError(54, 'Connection reset by peer')",)
mq consumer reconnecting
Traceback (most recent call last):
  File "/Users/jiangshengping/wwwroot/shenzhen/spectrum/algorithm/projects/数据融合/prod/visual_server/backend/app/services/progress_ws.py", line 50, in _consume_loop
    conn = pika.BlockingConnection(pika.URLParameters(settings.rabbitmq_url))
  File "/Users/jiangshengping/wwwroot/shenzhen/spectrum/algorithm/projects/数据融合/prod/visual_server/backend/.venv/lib/python3.10/site-packages/pika/adapters/blocking_connection.py", line 360, in __init__
    self._impl = self._create_connection(parameters, _impl_class)
  File "/Users/jiangshengping/wwwroot/shenzhen/spectrum/algorithm/projects/数据融合/prod/visual_server/backend/.venv/lib/python3.10/site-packages/pika/adapters/blocking_connection.py", line 451, in _create_connection
    raise self._reap_last_connection_workflow_error(error)
pika.exceptions.IncompatibleProtocolError: StreamLostError: ("Stream connection lost: ConnectionResetError(54, 'Connection reset by peer')",)
INFO:     127.0.0.1:54177 - "POST /api/auth/login HTTP/1.1" 200 OK
INFO:     127.0.0.1:54178 - "GET /api/health HTTP/1.1" 200 OK
INFO:     127.0.0.1:54183 - "GET /api/health HTTP/1.1" 200 OK
INFO:     127.0.0.1:54185 - "GET /api/system/status HTTP/1.1" 200 OK
INFO:     127.0.0.1:54190 - "GET /api/profiles HTTP/1.1" 200 OK
INFO:     Shutting down
INFO:     Waiting for application shutdown.
INFO:     Application shutdown complete.
INFO:     Finished server process [70188]
INFO:     Started server process [86991]
INFO:     Waiting for application startup.
ERROR:    bootstrap failed, API still serving: (psycopg.OperationalError) connection failed: connection to server at "127.0.0.1", port 5432 failed: server closed the connection unexpectedly
	This probably means the server terminated abnormally
	before or while processing the request.
(Background on this error at: https://sqlalche.me/e/20/e3q8)
INFO:     Application startup complete.
ERROR:    [Errno 48] error while attempting to bind on address ('0.0.0.0', 8000): address already in use
INFO:     Waiting for application shutdown.
INFO:     Application shutdown complete.
INFO:     Started server process [87482]
INFO:     Waiting for application startup.
ERROR:    bootstrap failed, API still serving: (psycopg.OperationalError) connection failed: connection to server at "127.0.0.1", port 5432 failed: could not receive data from server: Connection refused
(Background on this error at: https://sqlalche.me/e/20/e3q8)
INFO:     Application startup complete.
INFO:     Uvicorn running on http://0.0.0.0:8000 (Press CTRL+C to quit)
mq consumer reconnecting
Traceback (most recent call last):
  File "/Users/jiangshengping/wwwroot/shenzhen/spectrum/algorithm/projects/数据融合/prod/visual_server/backend/app/services/progress_ws.py", line 50, in _consume_loop
    conn = pika.BlockingConnection(pika.URLParameters(settings.rabbitmq_url))
  File "/Users/jiangshengping/wwwroot/shenzhen/spectrum/algorithm/projects/数据融合/prod/visual_server/backend/.venv/lib/python3.10/site-packages/pika/adapters/blocking_connection.py", line 360, in __init__
    self._impl = self._create_connection(parameters, _impl_class)
  File "/Users/jiangshengping/wwwroot/shenzhen/spectrum/algorithm/projects/数据融合/prod/visual_server/backend/.venv/lib/python3.10/site-packages/pika/adapters/blocking_connection.py", line 451, in _create_connection
    raise self._reap_last_connection_workflow_error(error)
pika.exceptions.AMQPConnectionError
mq consumer reconnecting
Traceback (most recent call last):
  File "/Users/jiangshengping/wwwroot/shenzhen/spectrum/algorithm/projects/数据融合/prod/visual_server/backend/app/services/progress_ws.py", line 50, in _consume_loop
    conn = pika.BlockingConnection(pika.URLParameters(settings.rabbitmq_url))
  File "/Users/jiangshengping/wwwroot/shenzhen/spectrum/algorithm/projects/数据融合/prod/visual_server/backend/.venv/lib/python3.10/site-packages/pika/adapters/blocking_connection.py", line 360, in __init__
    self._impl = self._create_connection(parameters, _impl_class)
  File "/Users/jiangshengping/wwwroot/shenzhen/spectrum/algorithm/projects/数据融合/prod/visual_server/backend/.venv/lib/python3.10/site-packages/pika/adapters/blocking_connection.py", line 451, in _create_connection
    raise self._reap_last_connection_workflow_error(error)
pika.exceptions.AMQPConnectionError
mq consumer reconnecting
Traceback (most recent call last):
  File "/Users/jiangshengping/wwwroot/shenzhen/spectrum/algorithm/projects/数据融合/prod/visual_server/backend/app/services/progress_ws.py", line 50, in _consume_loop
    conn = pika.BlockingConnection(pika.URLParameters(settings.rabbitmq_url))
  File "/Users/jiangshengping/wwwroot/shenzhen/spectrum/algorithm/projects/数据融合/prod/visual_server/backend/.venv/lib/python3.10/site-packages/pika/adapters/blocking_connection.py", line 360, in __init__
    self._impl = self._create_connection(parameters, _impl_class)
  File "/Users/jiangshengping/wwwroot/shenzhen/spectrum/algorithm/projects/数据融合/prod/visual_server/backend/.venv/lib/python3.10/site-packages/pika/adapters/blocking_connection.py", line 451, in _create_connection
    raise self._reap_last_connection_workflow_error(error)
pika.exceptions.AMQPConnectionError
mq consumer reconnecting
Traceback (most recent call last):
  File "/Users/jiangshengping/wwwroot/shenzhen/spectrum/algorithm/projects/数据融合/prod/visual_server/backend/app/services/progress_ws.py", line 50, in _consume_loop
    conn = pika.BlockingConnection(pika.URLParameters(settings.rabbitmq_url))
  File "/Users/jiangshengping/wwwroot/shenzhen/spectrum/algorithm/projects/数据融合/prod/visual_server/backend/.venv/lib/python3.10/site-packages/pika/adapters/blocking_connection.py", line 360, in __init__
    self._impl = self._create_connection(parameters, _impl_class)
  File "/Users/jiangshengping/wwwroot/shenzhen/spectrum/algorithm/projects/数据融合/prod/visual_server/backend/.venv/lib/python3.10/site-packages/pika/adapters/blocking_connection.py", line 451, in _create_connection
    raise self._reap_last_connection_workflow_error(error)
pika.exceptions.AMQPConnectionError
mq consumer reconnecting
Traceback (most recent call last):
  File "/Users/jiangshengping/wwwroot/shenzhen/spectrum/algorithm/projects/数据融合/prod/visual_server/backend/app/services/progress_ws.py", line 50, in _consume_loop
    conn = pika.BlockingConnection(pika.URLParameters(settings.rabbitmq_url))
  File "/Users/jiangshengping/wwwroot/shenzhen/spectrum/algorithm/projects/数据融合/prod/visual_server/backend/.venv/lib/python3.10/site-packages/pika/adapters/blocking_connection.py", line 360, in __init__
    self._impl = self._create_connection(parameters, _impl_class)
  File "/Users/jiangshengping/wwwroot/shenzhen/spectrum/algorithm/projects/数据融合/prod/visual_server/backend/.venv/lib/python3.10/site-packages/pika/adapters/blocking_connection.py", line 451, in _create_connection
    raise self._reap_last_connection_workflow_error(error)
pika.exceptions.AMQPConnectionError
mq consumer reconnecting
Traceback (most recent call last):
  File "/Users/jiangshengping/wwwroot/shenzhen/spectrum/algorithm/projects/数据融合/prod/visual_server/backend/app/services/progress_ws.py", line 50, in _consume_loop
    conn = pika.BlockingConnection(pika.URLParameters(settings.rabbitmq_url))
  File "/Users/jiangshengping/wwwroot/shenzhen/spectrum/algorithm/projects/数据融合/prod/visual_server/backend/.venv/lib/python3.10/site-packages/pika/adapters/blocking_connection.py", line 360, in __init__
    self._impl = self._create_connection(parameters, _impl_class)
  File "/Users/jiangshengping/wwwroot/shenzhen/spectrum/algorithm/projects/数据融合/prod/visual_server/backend/.venv/lib/python3.10/site-packages/pika/adapters/blocking_connection.py", line 451, in _create_connection
    raise self._reap_last_connection_workflow_error(error)
pika.exceptions.AMQPConnectionError
mq consumer reconnecting
Traceback (most recent call last):
  File "/Users/jiangshengping/wwwroot/shenzhen/spectrum/algorithm/projects/数据融合/prod/visual_server/backend/app/services/progress_ws.py", line 50, in _consume_loop
    conn = pika.BlockingConnection(pika.URLParameters(settings.rabbitmq_url))
  File "/Users/jiangshengping/wwwroot/shenzhen/spectrum/algorithm/projects/数据融合/prod/visual_server/backend/.venv/lib/python3.10/site-packages/pika/adapters/blocking_connection.py", line 360, in __init__
    self._impl = self._create_connection(parameters, _impl_class)
  File "/Users/jiangshengping/wwwroot/shenzhen/spectrum/algorithm/projects/数据融合/prod/visual_server/backend/.venv/lib/python3.10/site-packages/pika/adapters/blocking_connection.py", line 451, in _create_connection
    raise self._reap_last_connection_workflow_error(error)
pika.exceptions.AMQPConnectionError
mq consumer reconnecting
Traceback (most recent call last):
  File "/Users/jiangshengping/wwwroot/shenzhen/spectrum/algorithm/projects/数据融合/prod/visual_server/backend/app/services/progress_ws.py", line 50, in _consume_loop
    conn = pika.BlockingConnection(pika.URLParameters(settings.rabbitmq_url))
  File "/Users/jiangshengping/wwwroot/shenzhen/spectrum/algorithm/projects/数据融合/prod/visual_server/backend/.venv/lib/python3.10/site-packages/pika/adapters/blocking_connection.py", line 360, in __init__
    self._impl = self._create_connection(parameters, _impl_class)
  File "/Users/jiangshengping/wwwroot/shenzhen/spectrum/algorithm/projects/数据融合/prod/visual_server/backend/.venv/lib/python3.10/site-packages/pika/adapters/blocking_connection.py", line 451, in _create_connection
    raise self._reap_last_connection_workflow_error(error)
pika.exceptions.AMQPConnectionError
mq consumer reconnecting
Traceback (most recent call last):
  File "/Users/jiangshengping/wwwroot/shenzhen/spectrum/algorithm/projects/数据融合/prod/visual_server/backend/app/services/progress_ws.py", line 50, in _consume_loop
    conn = pika.BlockingConnection(pika.URLParameters(settings.rabbitmq_url))
  File "/Users/jiangshengping/wwwroot/shenzhen/spectrum/algorithm/projects/数据融合/prod/visual_server/backend/.venv/lib/python3.10/site-packages/pika/adapters/blocking_connection.py", line 360, in __init__
    self._impl = self._create_connection(parameters, _impl_class)
  File "/Users/jiangshengping/wwwroot/shenzhen/spectrum/algorithm/projects/数据融合/prod/visual_server/backend/.venv/lib/python3.10/site-packages/pika/adapters/blocking_connection.py", line 451, in _create_connection
    raise self._reap_last_connection_workflow_error(error)
pika.exceptions.AMQPConnectionError
mq consumer reconnecting
Traceback (most recent call last):
  File "/Users/jiangshengping/wwwroot/shenzhen/spectrum/algorithm/projects/数据融合/prod/visual_server/backend/app/services/progress_ws.py", line 50, in _consume_loop
    conn = pika.BlockingConnection(pika.URLParameters(settings.rabbitmq_url))
  File "/Users/jiangshengping/wwwroot/shenzhen/spectrum/algorithm/projects/数据融合/prod/visual_server/backend/.venv/lib/python3.10/site-packages/pika/adapters/blocking_connection.py", line 360, in __init__
    self._impl = self._create_connection(parameters, _impl_class)
  File "/Users/jiangshengping/wwwroot/shenzhen/spectrum/algorithm/projects/数据融合/prod/visual_server/backend/.venv/lib/python3.10/site-packages/pika/adapters/blocking_connection.py", line 451, in _create_connection
    raise self._reap_last_connection_workflow_error(error)
pika.exceptions.AMQPConnectionError
mq consumer reconnecting
Traceback (most recent call last):
  File "/Users/jiangshengping/wwwroot/shenzhen/spectrum/algorithm/projects/数据融合/prod/visual_server/backend/app/services/progress_ws.py", line 50, in _consume_loop
    conn = pika.BlockingConnection(pika.URLParameters(settings.rabbitmq_url))
  File "/Users/jiangshengping/wwwroot/shenzhen/spectrum/algorithm/projects/数据融合/prod/visual_server/backend/.venv/lib/python3.10/site-packages/pika/adapters/blocking_connection.py", line 360, in __init__
    self._impl = self._create_connection(parameters, _impl_class)
  File "/Users/jiangshengping/wwwroot/shenzhen/spectrum/algorithm/projects/数据融合/prod/visual_server/backend/.venv/lib/python3.10/site-packages/pika/adapters/blocking_connection.py", line 451, in _create_connection
    raise self._reap_last_connection_workflow_error(error)
pika.exceptions.AMQPConnectionError
mq consumer reconnecting
Traceback (most recent call last):
  File "/Users/jiangshengping/wwwroot/shenzhen/spectrum/algorithm/projects/数据融合/prod/visual_server/backend/app/services/progress_ws.py", line 50, in _consume_loop
    conn = pika.BlockingConnection(pika.URLParameters(settings.rabbitmq_url))
  File "/Users/jiangshengping/wwwroot/shenzhen/spectrum/algorithm/projects/数据融合/prod/visual_server/backend/.venv/lib/python3.10/site-packages/pika/adapters/blocking_connection.py", line 360, in __init__
    self._impl = self._create_connection(parameters, _impl_class)
  File "/Users/jiangshengping/wwwroot/shenzhen/spectrum/algorithm/projects/数据融合/prod/visual_server/backend/.venv/lib/python3.10/site-packages/pika/adapters/blocking_connection.py", line 451, in _create_connection
    raise self._reap_last_connection_workflow_error(error)
pika.exceptions.AMQPConnectionError
INFO:     Shutting down
INFO:     Waiting for application shutdown.
INFO:     Application shutdown complete.
INFO:     Finished server process [87482]
INFO:     Started server process [88160]
INFO:     Waiting for application startup.
ERROR:    bootstrap failed, API still serving: (psycopg.OperationalError) connection failed: connection to server at "127.0.0.1", port 5432 failed: could not receive data from server: Connection refused
(Background on this error at: https://sqlalche.me/e/20/e3q8)
INFO:     Application startup complete.
INFO:     Uvicorn running on http://0.0.0.0:8000 (Press CTRL+C to quit)
mq consumer reconnecting
Traceback (most recent call last):
  File "/Users/jiangshengping/wwwroot/shenzhen/spectrum/algorithm/projects/数据融合/prod/visual_server/backend/app/services/progress_ws.py", line 50, in _consume_loop
    conn = pika.BlockingConnection(pika.URLParameters(settings.rabbitmq_url))
  File "/Users/jiangshengping/wwwroot/shenzhen/spectrum/algorithm/projects/数据融合/prod/visual_server/backend/.venv/lib/python3.10/site-packages/pika/adapters/blocking_connection.py", line 360, in __init__
    self._impl = self._create_connection(parameters, _impl_class)
  File "/Users/jiangshengping/wwwroot/shenzhen/spectrum/algorithm/projects/数据融合/prod/visual_server/backend/.venv/lib/python3.10/site-packages/pika/adapters/blocking_connection.py", line 451, in _create_connection
    raise self._reap_last_connection_workflow_error(error)
pika.exceptions.AMQPConnectionError
mq consumer reconnecting
Traceback (most recent call last):
  File "/Users/jiangshengping/wwwroot/shenzhen/spectrum/algorithm/projects/数据融合/prod/visual_server/backend/app/services/progress_ws.py", line 50, in _consume_loop
    conn = pika.BlockingConnection(pika.URLParameters(settings.rabbitmq_url))
  File "/Users/jiangshengping/wwwroot/shenzhen/spectrum/algorithm/projects/数据融合/prod/visual_server/backend/.venv/lib/python3.10/site-packages/pika/adapters/blocking_connection.py", line 360, in __init__
    self._impl = self._create_connection(parameters, _impl_class)
  File "/Users/jiangshengping/wwwroot/shenzhen/spectrum/algorithm/projects/数据融合/prod/visual_server/backend/.venv/lib/python3.10/site-packages/pika/adapters/blocking_connection.py", line 451, in _create_connection
    raise self._reap_last_connection_workflow_error(error)
pika.exceptions.AMQPConnectionError
mq consumer reconnecting
Traceback (most recent call last):
  File "/Users/jiangshengping/wwwroot/shenzhen/spectrum/algorithm/projects/数据融合/prod/visual_server/backend/app/services/progress_ws.py", line 50, in _consume_loop
    conn = pika.BlockingConnection(pika.URLParameters(settings.rabbitmq_url))
  File "/Users/jiangshengping/wwwroot/shenzhen/spectrum/algorithm/projects/数据融合/prod/visual_server/backend/.venv/lib/python3.10/site-packages/pika/adapters/blocking_connection.py", line 360, in __init__
    self._impl = self._create_connection(parameters, _impl_class)
  File "/Users/jiangshengping/wwwroot/shenzhen/spectrum/algorithm/projects/数据融合/prod/visual_server/backend/.venv/lib/python3.10/site-packages/pika/adapters/blocking_connection.py", line 451, in _create_connection
    raise self._reap_last_connection_workflow_error(error)
pika.exceptions.AMQPConnectionError
mq consumer reconnecting
Traceback (most recent call last):
  File "/Users/jiangshengping/wwwroot/shenzhen/spectrum/algorithm/projects/数据融合/prod/visual_server/backend/app/services/progress_ws.py", line 50, in _consume_loop
    conn = pika.BlockingConnection(pika.URLParameters(settings.rabbitmq_url))
  File "/Users/jiangshengping/wwwroot/shenzhen/spectrum/algorithm/projects/数据融合/prod/visual_server/backend/.venv/lib/python3.10/site-packages/pika/adapters/blocking_connection.py", line 360, in __init__
    self._impl = self._create_connection(parameters, _impl_class)
  File "/Users/jiangshengping/wwwroot/shenzhen/spectrum/algorithm/projects/数据融合/prod/visual_server/backend/.venv/lib/python3.10/site-packages/pika/adapters/blocking_connection.py", line 451, in _create_connection
    raise self._reap_last_connection_workflow_error(error)
pika.exceptions.AMQPConnectionError
mq consumer reconnecting
Traceback (most recent call last):
  File "/Users/jiangshengping/wwwroot/shenzhen/spectrum/algorithm/projects/数据融合/prod/visual_server/backend/app/services/progress_ws.py", line 50, in _consume_loop
    conn = pika.BlockingConnection(pika.URLParameters(settings.rabbitmq_url))
  File "/Users/jiangshengping/wwwroot/shenzhen/spectrum/algorithm/projects/数据融合/prod/visual_server/backend/.venv/lib/python3.10/site-packages/pika/adapters/blocking_connection.py", line 360, in __init__
    self._impl = self._create_connection(parameters, _impl_class)
  File "/Users/jiangshengping/wwwroot/shenzhen/spectrum/algorithm/projects/数据融合/prod/visual_server/backend/.venv/lib/python3.10/site-packages/pika/adapters/blocking_connection.py", line 451, in _create_connection
    raise self._reap_last_connection_workflow_error(error)
pika.exceptions.AMQPConnectionError
mq consumer reconnecting
Traceback (most recent call last):
  File "/Users/jiangshengping/wwwroot/shenzhen/spectrum/algorithm/projects/数据融合/prod/visual_server/backend/app/services/progress_ws.py", line 50, in _consume_loop
    conn = pika.BlockingConnection(pika.URLParameters(settings.rabbitmq_url))
  File "/Users/jiangshengping/wwwroot/shenzhen/spectrum/algorithm/projects/数据融合/prod/visual_server/backend/.venv/lib/python3.10/site-packages/pika/adapters/blocking_connection.py", line 360, in __init__
    self._impl = self._create_connection(parameters, _impl_class)
  File "/Users/jiangshengping/wwwroot/shenzhen/spectrum/algorithm/projects/数据融合/prod/visual_server/backend/.venv/lib/python3.10/site-packages/pika/adapters/blocking_connection.py", line 451, in _create_connection
    raise self._reap_last_connection_workflow_error(error)
pika.exceptions.AMQPConnectionError
mq consumer reconnecting
Traceback (most recent call last):
  File "/Users/jiangshengping/wwwroot/shenzhen/spectrum/algorithm/projects/数据融合/prod/visual_server/backend/app/services/progress_ws.py", line 50, in _consume_loop
    conn = pika.BlockingConnection(pika.URLParameters(settings.rabbitmq_url))
  File "/Users/jiangshengping/wwwroot/shenzhen/spectrum/algorithm/projects/数据融合/prod/visual_server/backend/.venv/lib/python3.10/site-packages/pika/adapters/blocking_connection.py", line 360, in __init__
    self._impl = self._create_connection(parameters, _impl_class)
  File "/Users/jiangshengping/wwwroot/shenzhen/spectrum/algorithm/projects/数据融合/prod/visual_server/backend/.venv/lib/python3.10/site-packages/pika/adapters/blocking_connection.py", line 451, in _create_connection
    raise self._reap_last_connection_workflow_error(error)
pika.exceptions.AMQPConnectionError
mq consumer reconnecting
Traceback (most recent call last):
  File "/Users/jiangshengping/wwwroot/shenzhen/spectrum/algorithm/projects/数据融合/prod/visual_server/backend/app/services/progress_ws.py", line 50, in _consume_loop
    conn = pika.BlockingConnection(pika.URLParameters(settings.rabbitmq_url))
  File "/Users/jiangshengping/wwwroot/shenzhen/spectrum/algorithm/projects/数据融合/prod/visual_server/backend/.venv/lib/python3.10/site-packages/pika/adapters/blocking_connection.py", line 360, in __init__
    self._impl = self._create_connection(parameters, _impl_class)
  File "/Users/jiangshengping/wwwroot/shenzhen/spectrum/algorithm/projects/数据融合/prod/visual_server/backend/.venv/lib/python3.10/site-packages/pika/adapters/blocking_connection.py", line 451, in _create_connection
    raise self._reap_last_connection_workflow_error(error)
pika.exceptions.AMQPConnectionError
mq consumer reconnecting
Traceback (most recent call last):
  File "/Users/jiangshengping/wwwroot/shenzhen/spectrum/algorithm/projects/数据融合/prod/visual_server/backend/app/services/progress_ws.py", line 50, in _consume_loop
    conn = pika.BlockingConnection(pika.URLParameters(settings.rabbitmq_url))
  File "/Users/jiangshengping/wwwroot/shenzhen/spectrum/algorithm/projects/数据融合/prod/visual_server/backend/.venv/lib/python3.10/site-packages/pika/adapters/blocking_connection.py", line 360, in __init__
    self._impl = self._create_connection(parameters, _impl_class)
  File "/Users/jiangshengping/wwwroot/shenzhen/spectrum/algorithm/projects/数据融合/prod/visual_server/backend/.venv/lib/python3.10/site-packages/pika/adapters/blocking_connection.py", line 451, in _create_connection
    raise self._reap_last_connection_workflow_error(error)
pika.exceptions.AMQPConnectionError
mq consumer reconnecting
Traceback (most recent call last):
  File "/Users/jiangshengping/wwwroot/shenzhen/spectrum/algorithm/projects/数据融合/prod/visual_server/backend/app/services/progress_ws.py", line 50, in _consume_loop
    conn = pika.BlockingConnection(pika.URLParameters(settings.rabbitmq_url))
  File "/Users/jiangshengping/wwwroot/shenzhen/spectrum/algorithm/projects/数据融合/prod/visual_server/backend/.venv/lib/python3.10/site-packages/pika/adapters/blocking_connection.py", line 360, in __init__
    self._impl = self._create_connection(parameters, _impl_class)
  File "/Users/jiangshengping/wwwroot/shenzhen/spectrum/algorithm/projects/数据融合/prod/visual_server/backend/.venv/lib/python3.10/site-packages/pika/adapters/blocking_connection.py", line 451, in _create_connection
    raise self._reap_last_connection_workflow_error(error)
pika.exceptions.AMQPConnectionError
mq consumer reconnecting
Traceback (most recent call last):
  File "/Users/jiangshengping/wwwroot/shenzhen/spectrum/algorithm/projects/数据融合/prod/visual_server/backend/app/services/progress_ws.py", line 50, in _consume_loop
    conn = pika.BlockingConnection(pika.URLParameters(settings.rabbitmq_url))
  File "/Users/jiangshengping/wwwroot/shenzhen/spectrum/algorithm/projects/数据融合/prod/visual_server/backend/.venv/lib/python3.10/site-packages/pika/adapters/blocking_connection.py", line 360, in __init__
    self._impl = self._create_connection(parameters, _impl_class)
  File "/Users/jiangshengping/wwwroot/shenzhen/spectrum/algorithm/projects/数据融合/prod/visual_server/backend/.venv/lib/python3.10/site-packages/pika/adapters/blocking_connection.py", line 451, in _create_connection
    raise self._reap_last_connection_workflow_error(error)
pika.exceptions.AMQPConnectionError
mq consumer reconnecting
Traceback (most recent call last):
  File "/Users/jiangshengping/wwwroot/shenzhen/spectrum/algorithm/projects/数据融合/prod/visual_server/backend/app/services/progress_ws.py", line 50, in _consume_loop
    conn = pika.BlockingConnection(pika.URLParameters(settings.rabbitmq_url))
  File "/Users/jiangshengping/wwwroot/shenzhen/spectrum/algorithm/projects/数据融合/prod/visual_server/backend/.venv/lib/python3.10/site-packages/pika/adapters/blocking_connection.py", line 360, in __init__
    self._impl = self._create_connection(parameters, _impl_class)
  File "/Users/jiangshengping/wwwroot/shenzhen/spectrum/algorithm/projects/数据融合/prod/visual_server/backend/.venv/lib/python3.10/site-packages/pika/adapters/blocking_connection.py", line 451, in _create_connection
    raise self._reap_last_connection_workflow_error(error)
pika.exceptions.AMQPConnectionError
mq consumer reconnecting
Traceback (most recent call last):
  File "/Users/jiangshengping/wwwroot/shenzhen/spectrum/algorithm/projects/数据融合/prod/visual_server/backend/app/services/progress_ws.py", line 50, in _consume_loop
    conn = pika.BlockingConnection(pika.URLParameters(settings.rabbitmq_url))
  File "/Users/jiangshengping/wwwroot/shenzhen/spectrum/algorithm/projects/数据融合/prod/visual_server/backend/.venv/lib/python3.10/site-packages/pika/adapters/blocking_connection.py", line 360, in __init__
    self._impl = self._create_connection(parameters, _impl_class)
  File "/Users/jiangshengping/wwwroot/shenzhen/spectrum/algorithm/projects/数据融合/prod/visual_server/backend/.venv/lib/python3.10/site-packages/pika/adapters/blocking_connection.py", line 451, in _create_connection
    raise self._reap_last_connection_workflow_error(error)
pika.exceptions.AMQPConnectionError
mq consumer reconnecting
Traceback (most recent call last):
  File "/Users/jiangshengping/wwwroot/shenzhen/spectrum/algorithm/projects/数据融合/prod/visual_server/backend/app/services/progress_ws.py", line 50, in _consume_loop
    conn = pika.BlockingConnection(pika.URLParameters(settings.rabbitmq_url))
  File "/Users/jiangshengping/wwwroot/shenzhen/spectrum/algorithm/projects/数据融合/prod/visual_server/backend/.venv/lib/python3.10/site-packages/pika/adapters/blocking_connection.py", line 360, in __init__
    self._impl = self._create_connection(parameters, _impl_class)
  File "/Users/jiangshengping/wwwroot/shenzhen/spectrum/algorithm/projects/数据融合/prod/visual_server/backend/.venv/lib/python3.10/site-packages/pika/adapters/blocking_connection.py", line 451, in _create_connection
    raise self._reap_last_connection_workflow_error(error)
pika.exceptions.AMQPConnectionError
mq consumer reconnecting
Traceback (most recent call last):
  File "/Users/jiangshengping/wwwroot/shenzhen/spectrum/algorithm/projects/数据融合/prod/visual_server/backend/app/services/progress_ws.py", line 50, in _consume_loop
    conn = pika.BlockingConnection(pika.URLParameters(settings.rabbitmq_url))
  File "/Users/jiangshengping/wwwroot/shenzhen/spectrum/algorithm/projects/数据融合/prod/visual_server/backend/.venv/lib/python3.10/site-packages/pika/adapters/blocking_connection.py", line 360, in __init__
    self._impl = self._create_connection(parameters, _impl_class)
  File "/Users/jiangshengping/wwwroot/shenzhen/spectrum/algorithm/projects/数据融合/prod/visual_server/backend/.venv/lib/python3.10/site-packages/pika/adapters/blocking_connection.py", line 451, in _create_connection
    raise self._reap_last_connection_workflow_error(error)
pika.exceptions.AMQPConnectionError
mq consumer reconnecting
Traceback (most recent call last):
  File "/Users/jiangshengping/wwwroot/shenzhen/spectrum/algorithm/projects/数据融合/prod/visual_server/backend/app/services/progress_ws.py", line 50, in _consume_loop
    conn = pika.BlockingConnection(pika.URLParameters(settings.rabbitmq_url))
  File "/Users/jiangshengping/wwwroot/shenzhen/spectrum/algorithm/projects/数据融合/prod/visual_server/backend/.venv/lib/python3.10/site-packages/pika/adapters/blocking_connection.py", line 360, in __init__
    self._impl = self._create_connection(parameters, _impl_class)
  File "/Users/jiangshengping/wwwroot/shenzhen/spectrum/algorithm/projects/数据融合/prod/visual_server/backend/.venv/lib/python3.10/site-packages/pika/adapters/blocking_connection.py", line 451, in _create_connection
    raise self._reap_last_connection_workflow_error(error)
pika.exceptions.AMQPConnectionError
mq consumer reconnecting
Traceback (most recent call last):
  File "/Users/jiangshengping/wwwroot/shenzhen/spectrum/algorithm/projects/数据融合/prod/visual_server/backend/app/services/progress_ws.py", line 50, in _consume_loop
    conn = pika.BlockingConnection(pika.URLParameters(settings.rabbitmq_url))
  File "/Users/jiangshengping/wwwroot/shenzhen/spectrum/algorithm/projects/数据融合/prod/visual_server/backend/.venv/lib/python3.10/site-packages/pika/adapters/blocking_connection.py", line 360, in __init__
    self._impl = self._create_connection(parameters, _impl_class)
  File "/Users/jiangshengping/wwwroot/shenzhen/spectrum/algorithm/projects/数据融合/prod/visual_server/backend/.venv/lib/python3.10/site-packages/pika/adapters/blocking_connection.py", line 451, in _create_connection
    raise self._reap_last_connection_workflow_error(error)
pika.exceptions.AMQPConnectionError
mq consumer reconnecting
Traceback (most recent call last):
  File "/Users/jiangshengping/wwwroot/shenzhen/spectrum/algorithm/projects/数据融合/prod/visual_server/backend/app/services/progress_ws.py", line 50, in _consume_loop
    conn = pika.BlockingConnection(pika.URLParameters(settings.rabbitmq_url))
  File "/Users/jiangshengping/wwwroot/shenzhen/spectrum/algorithm/projects/数据融合/prod/visual_server/backend/.venv/lib/python3.10/site-packages/pika/adapters/blocking_connection.py", line 360, in __init__
    self._impl = self._create_connection(parameters, _impl_class)
  File "/Users/jiangshengping/wwwroot/shenzhen/spectrum/algorithm/projects/数据融合/prod/visual_server/backend/.venv/lib/python3.10/site-packages/pika/adapters/blocking_connection.py", line 451, in _create_connection
    raise self._reap_last_connection_workflow_error(error)
pika.exceptions.AMQPConnectionError
mq consumer reconnecting
Traceback (most recent call last):
  File "/Users/jiangshengping/wwwroot/shenzhen/spectrum/algorithm/projects/数据融合/prod/visual_server/backend/app/services/progress_ws.py", line 50, in _consume_loop
    conn = pika.BlockingConnection(pika.URLParameters(settings.rabbitmq_url))
  File "/Users/jiangshengping/wwwroot/shenzhen/spectrum/algorithm/projects/数据融合/prod/visual_server/backend/.venv/lib/python3.10/site-packages/pika/adapters/blocking_connection.py", line 360, in __init__
    self._impl = self._create_connection(parameters, _impl_class)
  File "/Users/jiangshengping/wwwroot/shenzhen/spectrum/algorithm/projects/数据融合/prod/visual_server/backend/.venv/lib/python3.10/site-packages/pika/adapters/blocking_connection.py", line 451, in _create_connection
    raise self._reap_last_connection_workflow_error(error)
pika.exceptions.AMQPConnectionError
mq consumer reconnecting
Traceback (most recent call last):
  File "/Users/jiangshengping/wwwroot/shenzhen/spectrum/algorithm/projects/数据融合/prod/visual_server/backend/app/services/progress_ws.py", line 50, in _consume_loop
    conn = pika.BlockingConnection(pika.URLParameters(settings.rabbitmq_url))
  File "/Users/jiangshengping/wwwroot/shenzhen/spectrum/algorithm/projects/数据融合/prod/visual_server/backend/.venv/lib/python3.10/site-packages/pika/adapters/blocking_connection.py", line 360, in __init__
    self._impl = self._create_connection(parameters, _impl_class)
  File "/Users/jiangshengping/wwwroot/shenzhen/spectrum/algorithm/projects/数据融合/prod/visual_server/backend/.venv/lib/python3.10/site-packages/pika/adapters/blocking_connection.py", line 451, in _create_connection
    raise self._reap_last_connection_workflow_error(error)
pika.exceptions.AMQPConnectionError
mq consumer reconnecting
Traceback (most recent call last):
  File "/Users/jiangshengping/wwwroot/shenzhen/spectrum/algorithm/projects/数据融合/prod/visual_server/backend/app/services/progress_ws.py", line 50, in _consume_loop
    conn = pika.BlockingConnection(pika.URLParameters(settings.rabbitmq_url))
  File "/Users/jiangshengping/wwwroot/shenzhen/spectrum/algorithm/projects/数据融合/prod/visual_server/backend/.venv/lib/python3.10/site-packages/pika/adapters/blocking_connection.py", line 360, in __init__
    self._impl = self._create_connection(parameters, _impl_class)
  File "/Users/jiangshengping/wwwroot/shenzhen/spectrum/algorithm/projects/数据融合/prod/visual_server/backend/.venv/lib/python3.10/site-packages/pika/adapters/blocking_connection.py", line 451, in _create_connection
    raise self._reap_last_connection_workflow_error(error)
pika.exceptions.AMQPConnectionError
mq consumer reconnecting
Traceback (most recent call last):
  File "/Users/jiangshengping/wwwroot/shenzhen/spectrum/algorithm/projects/数据融合/prod/visual_server/backend/app/services/progress_ws.py", line 50, in _consume_loop
    conn = pika.BlockingConnection(pika.URLParameters(settings.rabbitmq_url))
  File "/Users/jiangshengping/wwwroot/shenzhen/spectrum/algorithm/projects/数据融合/prod/visual_server/backend/.venv/lib/python3.10/site-packages/pika/adapters/blocking_connection.py", line 360, in __init__
    self._impl = self._create_connection(parameters, _impl_class)
  File "/Users/jiangshengping/wwwroot/shenzhen/spectrum/algorithm/projects/数据融合/prod/visual_server/backend/.venv/lib/python3.10/site-packages/pika/adapters/blocking_connection.py", line 451, in _create_connection
    raise self._reap_last_connection_workflow_error(error)
pika.exceptions.AMQPConnectionError
mq consumer reconnecting
Traceback (most recent call last):
  File "/Users/jiangshengping/wwwroot/shenzhen/spectrum/algorithm/projects/数据融合/prod/visual_server/backend/app/services/progress_ws.py", line 50, in _consume_loop
    conn = pika.BlockingConnection(pika.URLParameters(settings.rabbitmq_url))
  File "/Users/jiangshengping/wwwroot/shenzhen/spectrum/algorithm/projects/数据融合/prod/visual_server/backend/.venv/lib/python3.10/site-packages/pika/adapters/blocking_connection.py", line 360, in __init__
    self._impl = self._create_connection(parameters, _impl_class)
  File "/Users/jiangshengping/wwwroot/shenzhen/spectrum/algorithm/projects/数据融合/prod/visual_server/backend/.venv/lib/python3.10/site-packages/pika/adapters/blocking_connection.py", line 451, in _create_connection
    raise self._reap_last_connection_workflow_error(error)
pika.exceptions.AMQPConnectionError
mq consumer reconnecting
Traceback (most recent call last):
  File "/Users/jiangshengping/wwwroot/shenzhen/spectrum/algorithm/projects/数据融合/prod/visual_server/backend/app/services/progress_ws.py", line 50, in _consume_loop
    conn = pika.BlockingConnection(pika.URLParameters(settings.rabbitmq_url))
  File "/Users/jiangshengping/wwwroot/shenzhen/spectrum/algorithm/projects/数据融合/prod/visual_server/backend/.venv/lib/python3.10/site-packages/pika/adapters/blocking_connection.py", line 360, in __init__
    self._impl = self._create_connection(parameters, _impl_class)
  File "/Users/jiangshengping/wwwroot/shenzhen/spectrum/algorithm/projects/数据融合/prod/visual_server/backend/.venv/lib/python3.10/site-packages/pika/adapters/blocking_connection.py", line 451, in _create_connection
    raise self._reap_last_connection_workflow_error(error)
pika.exceptions.AMQPConnectionError
mq consumer reconnecting
Traceback (most recent call last):
  File "/Users/jiangshengping/wwwroot/shenzhen/spectrum/algorithm/projects/数据融合/prod/visual_server/backend/app/services/progress_ws.py", line 50, in _consume_loop
    conn = pika.BlockingConnection(pika.URLParameters(settings.rabbitmq_url))
  File "/Users/jiangshengping/wwwroot/shenzhen/spectrum/algorithm/projects/数据融合/prod/visual_server/backend/.venv/lib/python3.10/site-packages/pika/adapters/blocking_connection.py", line 360, in __init__
    self._impl = self._create_connection(parameters, _impl_class)
  File "/Users/jiangshengping/wwwroot/shenzhen/spectrum/algorithm/projects/数据融合/prod/visual_server/backend/.venv/lib/python3.10/site-packages/pika/adapters/blocking_connection.py", line 451, in _create_connection
    raise self._reap_last_connection_workflow_error(error)
pika.exceptions.AMQPConnectionError
mq consumer reconnecting
Traceback (most recent call last):
  File "/Users/jiangshengping/wwwroot/shenzhen/spectrum/algorithm/projects/数据融合/prod/visual_server/backend/app/services/progress_ws.py", line 50, in _consume_loop
    conn = pika.BlockingConnection(pika.URLParameters(settings.rabbitmq_url))
  File "/Users/jiangshengping/wwwroot/shenzhen/spectrum/algorithm/projects/数据融合/prod/visual_server/backend/.venv/lib/python3.10/site-packages/pika/adapters/blocking_connection.py", line 360, in __init__
    self._impl = self._create_connection(parameters, _impl_class)
  File "/Users/jiangshengping/wwwroot/shenzhen/spectrum/algorithm/projects/数据融合/prod/visual_server/backend/.venv/lib/python3.10/site-packages/pika/adapters/blocking_connection.py", line 451, in _create_connection
    raise self._reap_last_connection_workflow_error(error)
pika.exceptions.AMQPConnectionError
mq consumer reconnecting
Traceback (most recent call last):
  File "/Users/jiangshengping/wwwroot/shenzhen/spectrum/algorithm/projects/数据融合/prod/visual_server/backend/app/services/progress_ws.py", line 50, in _consume_loop
    conn = pika.BlockingConnection(pika.URLParameters(settings.rabbitmq_url))
  File "/Users/jiangshengping/wwwroot/shenzhen/spectrum/algorithm/projects/数据融合/prod/visual_server/backend/.venv/lib/python3.10/site-packages/pika/adapters/blocking_connection.py", line 360, in __init__
    self._impl = self._create_connection(parameters, _impl_class)
  File "/Users/jiangshengping/wwwroot/shenzhen/spectrum/algorithm/projects/数据融合/prod/visual_server/backend/.venv/lib/python3.10/site-packages/pika/adapters/blocking_connection.py", line 451, in _create_connection
    raise self._reap_last_connection_workflow_error(error)
pika.exceptions.AMQPConnectionError
mq consumer reconnecting
Traceback (most recent call last):
  File "/Users/jiangshengping/wwwroot/shenzhen/spectrum/algorithm/projects/数据融合/prod/visual_server/backend/app/services/progress_ws.py", line 50, in _consume_loop
    conn = pika.BlockingConnection(pika.URLParameters(settings.rabbitmq_url))
  File "/Users/jiangshengping/wwwroot/shenzhen/spectrum/algorithm/projects/数据融合/prod/visual_server/backend/.venv/lib/python3.10/site-packages/pika/adapters/blocking_connection.py", line 360, in __init__
    self._impl = self._create_connection(parameters, _impl_class)
  File "/Users/jiangshengping/wwwroot/shenzhen/spectrum/algorithm/projects/数据融合/prod/visual_server/backend/.venv/lib/python3.10/site-packages/pika/adapters/blocking_connection.py", line 451, in _create_connection
    raise self._reap_last_connection_workflow_error(error)
pika.exceptions.AMQPConnectionError
mq consumer reconnecting
Traceback (most recent call last):
  File "/Users/jiangshengping/wwwroot/shenzhen/spectrum/algorithm/projects/数据融合/prod/visual_server/backend/app/services/progress_ws.py", line 50, in _consume_loop
    conn = pika.BlockingConnection(pika.URLParameters(settings.rabbitmq_url))
  File "/Users/jiangshengping/wwwroot/shenzhen/spectrum/algorithm/projects/数据融合/prod/visual_server/backend/.venv/lib/python3.10/site-packages/pika/adapters/blocking_connection.py", line 360, in __init__
    self._impl = self._create_connection(parameters, _impl_class)
  File "/Users/jiangshengping/wwwroot/shenzhen/spectrum/algorithm/projects/数据融合/prod/visual_server/backend/.venv/lib/python3.10/site-packages/pika/adapters/blocking_connection.py", line 451, in _create_connection
    raise self._reap_last_connection_workflow_error(error)
pika.exceptions.AMQPConnectionError
mq consumer reconnecting
Traceback (most recent call last):
  File "/Users/jiangshengping/wwwroot/shenzhen/spectrum/algorithm/projects/数据融合/prod/visual_server/backend/app/services/progress_ws.py", line 50, in _consume_loop
    conn = pika.BlockingConnection(pika.URLParameters(settings.rabbitmq_url))
  File "/Users/jiangshengping/wwwroot/shenzhen/spectrum/algorithm/projects/数据融合/prod/visual_server/backend/.venv/lib/python3.10/site-packages/pika/adapters/blocking_connection.py", line 360, in __init__
    self._impl = self._create_connection(parameters, _impl_class)
  File "/Users/jiangshengping/wwwroot/shenzhen/spectrum/algorithm/projects/数据融合/prod/visual_server/backend/.venv/lib/python3.10/site-packages/pika/adapters/blocking_connection.py", line 451, in _create_connection
    raise self._reap_last_connection_workflow_error(error)
pika.exceptions.AMQPConnectionError
mq consumer reconnecting
Traceback (most recent call last):
  File "/Users/jiangshengping/wwwroot/shenzhen/spectrum/algorithm/projects/数据融合/prod/visual_server/backend/app/services/progress_ws.py", line 50, in _consume_loop
    conn = pika.BlockingConnection(pika.URLParameters(settings.rabbitmq_url))
  File "/Users/jiangshengping/wwwroot/shenzhen/spectrum/algorithm/projects/数据融合/prod/visual_server/backend/.venv/lib/python3.10/site-packages/pika/adapters/blocking_connection.py", line 360, in __init__
    self._impl = self._create_connection(parameters, _impl_class)
  File "/Users/jiangshengping/wwwroot/shenzhen/spectrum/algorithm/projects/数据融合/prod/visual_server/backend/.venv/lib/python3.10/site-packages/pika/adapters/blocking_connection.py", line 451, in _create_connection
    raise self._reap_last_connection_workflow_error(error)
pika.exceptions.AMQPConnectionError
mq consumer reconnecting
Traceback (most recent call last):
  File "/Users/jiangshengping/wwwroot/shenzhen/spectrum/algorithm/projects/数据融合/prod/visual_server/backend/app/services/progress_ws.py", line 50, in _consume_loop
    conn = pika.BlockingConnection(pika.URLParameters(settings.rabbitmq_url))
  File "/Users/jiangshengping/wwwroot/shenzhen/spectrum/algorithm/projects/数据融合/prod/visual_server/backend/.venv/lib/python3.10/site-packages/pika/adapters/blocking_connection.py", line 360, in __init__
    self._impl = self._create_connection(parameters, _impl_class)
  File "/Users/jiangshengping/wwwroot/shenzhen/spectrum/algorithm/projects/数据融合/prod/visual_server/backend/.venv/lib/python3.10/site-packages/pika/adapters/blocking_connection.py", line 451, in _create_connection
    raise self._reap_last_connection_workflow_error(error)
pika.exceptions.AMQPConnectionError
mq consumer reconnecting
Traceback (most recent call last):
  File "/Users/jiangshengping/wwwroot/shenzhen/spectrum/algorithm/projects/数据融合/prod/visual_server/backend/app/services/progress_ws.py", line 50, in _consume_loop
    conn = pika.BlockingConnection(pika.URLParameters(settings.rabbitmq_url))
  File "/Users/jiangshengping/wwwroot/shenzhen/spectrum/algorithm/projects/数据融合/prod/visual_server/backend/.venv/lib/python3.10/site-packages/pika/adapters/blocking_connection.py", line 360, in __init__
    self._impl = self._create_connection(parameters, _impl_class)
  File "/Users/jiangshengping/wwwroot/shenzhen/spectrum/algorithm/projects/数据融合/prod/visual_server/backend/.venv/lib/python3.10/site-packages/pika/adapters/blocking_connection.py", line 451, in _create_connection
    raise self._reap_last_connection_workflow_error(error)
pika.exceptions.AMQPConnectionError
mq consumer reconnecting
Traceback (most recent call last):
  File "/Users/jiangshengping/wwwroot/shenzhen/spectrum/algorithm/projects/数据融合/prod/visual_server/backend/app/services/progress_ws.py", line 50, in _consume_loop
    conn = pika.BlockingConnection(pika.URLParameters(settings.rabbitmq_url))
  File "/Users/jiangshengping/wwwroot/shenzhen/spectrum/algorithm/projects/数据融合/prod/visual_server/backend/.venv/lib/python3.10/site-packages/pika/adapters/blocking_connection.py", line 360, in __init__
    self._impl = self._create_connection(parameters, _impl_class)
  File "/Users/jiangshengping/wwwroot/shenzhen/spectrum/algorithm/projects/数据融合/prod/visual_server/backend/.venv/lib/python3.10/site-packages/pika/adapters/blocking_connection.py", line 451, in _create_connection
    raise self._reap_last_connection_workflow_error(error)
pika.exceptions.AMQPConnectionError
mq consumer reconnecting
Traceback (most recent call last):
  File "/Users/jiangshengping/wwwroot/shenzhen/spectrum/algorithm/projects/数据融合/prod/visual_server/backend/app/services/progress_ws.py", line 50, in _consume_loop
    conn = pika.BlockingConnection(pika.URLParameters(settings.rabbitmq_url))
  File "/Users/jiangshengping/wwwroot/shenzhen/spectrum/algorithm/projects/数据融合/prod/visual_server/backend/.venv/lib/python3.10/site-packages/pika/adapters/blocking_connection.py", line 360, in __init__
    self._impl = self._create_connection(parameters, _impl_class)
  File "/Users/jiangshengping/wwwroot/shenzhen/spectrum/algorithm/projects/数据融合/prod/visual_server/backend/.venv/lib/python3.10/site-packages/pika/adapters/blocking_connection.py", line 451, in _create_connection
    raise self._reap_last_connection_workflow_error(error)
pika.exceptions.AMQPConnectionError
mq consumer reconnecting
Traceback (most recent call last):
  File "/Users/jiangshengping/wwwroot/shenzhen/spectrum/algorithm/projects/数据融合/prod/visual_server/backend/app/services/progress_ws.py", line 50, in _consume_loop
    conn = pika.BlockingConnection(pika.URLParameters(settings.rabbitmq_url))
  File "/Users/jiangshengping/wwwroot/shenzhen/spectrum/algorithm/projects/数据融合/prod/visual_server/backend/.venv/lib/python3.10/site-packages/pika/adapters/blocking_connection.py", line 360, in __init__
    self._impl = self._create_connection(parameters, _impl_class)
  File "/Users/jiangshengping/wwwroot/shenzhen/spectrum/algorithm/projects/数据融合/prod/visual_server/backend/.venv/lib/python3.10/site-packages/pika/adapters/blocking_connection.py", line 451, in _create_connection
    raise self._reap_last_connection_workflow_error(error)
pika.exceptions.AMQPConnectionError
mq consumer reconnecting
Traceback (most recent call last):
  File "/Users/jiangshengping/wwwroot/shenzhen/spectrum/algorithm/projects/数据融合/prod/visual_server/backend/app/services/progress_ws.py", line 50, in _consume_loop
    conn = pika.BlockingConnection(pika.URLParameters(settings.rabbitmq_url))
  File "/Users/jiangshengping/wwwroot/shenzhen/spectrum/algorithm/projects/数据融合/prod/visual_server/backend/.venv/lib/python3.10/site-packages/pika/adapters/blocking_connection.py", line 360, in __init__
    self._impl = self._create_connection(parameters, _impl_class)
  File "/Users/jiangshengping/wwwroot/shenzhen/spectrum/algorithm/projects/数据融合/prod/visual_server/backend/.venv/lib/python3.10/site-packages/pika/adapters/blocking_connection.py", line 451, in _create_connection
    raise self._reap_last_connection_workflow_error(error)
pika.exceptions.AMQPConnectionError
mq consumer reconnecting
Traceback (most recent call last):
  File "/Users/jiangshengping/wwwroot/shenzhen/spectrum/algorithm/projects/数据融合/prod/visual_server/backend/app/services/progress_ws.py", line 50, in _consume_loop
    conn = pika.BlockingConnection(pika.URLParameters(settings.rabbitmq_url))
  File "/Users/jiangshengping/wwwroot/shenzhen/spectrum/algorithm/projects/数据融合/prod/visual_server/backend/.venv/lib/python3.10/site-packages/pika/adapters/blocking_connection.py", line 360, in __init__
    self._impl = self._create_connection(parameters, _impl_class)
  File "/Users/jiangshengping/wwwroot/shenzhen/spectrum/algorithm/projects/数据融合/prod/visual_server/backend/.venv/lib/python3.10/site-packages/pika/adapters/blocking_connection.py", line 451, in _create_connection
    raise self._reap_last_connection_workflow_error(error)
pika.exceptions.AMQPConnectionError
mq consumer reconnecting
Traceback (most recent call last):
  File "/Users/jiangshengping/wwwroot/shenzhen/spectrum/algorithm/projects/数据融合/prod/visual_server/backend/app/services/progress_ws.py", line 50, in _consume_loop
    conn = pika.BlockingConnection(pika.URLParameters(settings.rabbitmq_url))
  File "/Users/jiangshengping/wwwroot/shenzhen/spectrum/algorithm/projects/数据融合/prod/visual_server/backend/.venv/lib/python3.10/site-packages/pika/adapters/blocking_connection.py", line 360, in __init__
    self._impl = self._create_connection(parameters, _impl_class)
  File "/Users/jiangshengping/wwwroot/shenzhen/spectrum/algorithm/projects/数据融合/prod/visual_server/backend/.venv/lib/python3.10/site-packages/pika/adapters/blocking_connection.py", line 451, in _create_connection
    raise self._reap_last_connection_workflow_error(error)
pika.exceptions.AMQPConnectionError
mq consumer reconnecting
Traceback (most recent call last):
  File "/Users/jiangshengping/wwwroot/shenzhen/spectrum/algorithm/projects/数据融合/prod/visual_server/backend/app/services/progress_ws.py", line 50, in _consume_loop
    conn = pika.BlockingConnection(pika.URLParameters(settings.rabbitmq_url))
  File "/Users/jiangshengping/wwwroot/shenzhen/spectrum/algorithm/projects/数据融合/prod/visual_server/backend/.venv/lib/python3.10/site-packages/pika/adapters/blocking_connection.py", line 360, in __init__
    self._impl = self._create_connection(parameters, _impl_class)
  File "/Users/jiangshengping/wwwroot/shenzhen/spectrum/algorithm/projects/数据融合/prod/visual_server/backend/.venv/lib/python3.10/site-packages/pika/adapters/blocking_connection.py", line 451, in _create_connection
    raise self._reap_last_connection_workflow_error(error)
pika.exceptions.AMQPConnectionError
mq consumer reconnecting
Traceback (most recent call last):
  File "/Users/jiangshengping/wwwroot/shenzhen/spectrum/algorithm/projects/数据融合/prod/visual_server/backend/app/services/progress_ws.py", line 50, in _consume_loop
    conn = pika.BlockingConnection(pika.URLParameters(settings.rabbitmq_url))
  File "/Users/jiangshengping/wwwroot/shenzhen/spectrum/algorithm/projects/数据融合/prod/visual_server/backend/.venv/lib/python3.10/site-packages/pika/adapters/blocking_connection.py", line 360, in __init__
    self._impl = self._create_connection(parameters, _impl_class)
  File "/Users/jiangshengping/wwwroot/shenzhen/spectrum/algorithm/projects/数据融合/prod/visual_server/backend/.venv/lib/python3.10/site-packages/pika/adapters/blocking_connection.py", line 451, in _create_connection
    raise self._reap_last_connection_workflow_error(error)
pika.exceptions.AMQPConnectionError
mq consumer reconnecting
Traceback (most recent call last):
  File "/Users/jiangshengping/wwwroot/shenzhen/spectrum/algorithm/projects/数据融合/prod/visual_server/backend/app/services/progress_ws.py", line 50, in _consume_loop
    conn = pika.BlockingConnection(pika.URLParameters(settings.rabbitmq_url))
  File "/Users/jiangshengping/wwwroot/shenzhen/spectrum/algorithm/projects/数据融合/prod/visual_server/backend/.venv/lib/python3.10/site-packages/pika/adapters/blocking_connection.py", line 360, in __init__
    self._impl = self._create_connection(parameters, _impl_class)
  File "/Users/jiangshengping/wwwroot/shenzhen/spectrum/algorithm/projects/数据融合/prod/visual_server/backend/.venv/lib/python3.10/site-packages/pika/adapters/blocking_connection.py", line 451, in _create_connection
    raise self._reap_last_connection_workflow_error(error)
pika.exceptions.AMQPConnectionError
mq consumer reconnecting
Traceback (most recent call last):
  File "/Users/jiangshengping/wwwroot/shenzhen/spectrum/algorithm/projects/数据融合/prod/visual_server/backend/app/services/progress_ws.py", line 50, in _consume_loop
    conn = pika.BlockingConnection(pika.URLParameters(settings.rabbitmq_url))
  File "/Users/jiangshengping/wwwroot/shenzhen/spectrum/algorithm/projects/数据融合/prod/visual_server/backend/.venv/lib/python3.10/site-packages/pika/adapters/blocking_connection.py", line 360, in __init__
    self._impl = self._create_connection(parameters, _impl_class)
  File "/Users/jiangshengping/wwwroot/shenzhen/spectrum/algorithm/projects/数据融合/prod/visual_server/backend/.venv/lib/python3.10/site-packages/pika/adapters/blocking_connection.py", line 451, in _create_connection
    raise self._reap_last_connection_workflow_error(error)
pika.exceptions.AMQPConnectionError
mq consumer reconnecting
Traceback (most recent call last):
  File "/Users/jiangshengping/wwwroot/shenzhen/spectrum/algorithm/projects/数据融合/prod/visual_server/backend/app/services/progress_ws.py", line 50, in _consume_loop
    conn = pika.BlockingConnection(pika.URLParameters(settings.rabbitmq_url))
  File "/Users/jiangshengping/wwwroot/shenzhen/spectrum/algorithm/projects/数据融合/prod/visual_server/backend/.venv/lib/python3.10/site-packages/pika/adapters/blocking_connection.py", line 360, in __init__
    self._impl = self._create_connection(parameters, _impl_class)
  File "/Users/jiangshengping/wwwroot/shenzhen/spectrum/algorithm/projects/数据融合/prod/visual_server/backend/.venv/lib/python3.10/site-packages/pika/adapters/blocking_connection.py", line 451, in _create_connection
    raise self._reap_last_connection_workflow_error(error)
pika.exceptions.AMQPConnectionError
mq consumer reconnecting
Traceback (most recent call last):
  File "/Users/jiangshengping/wwwroot/shenzhen/spectrum/algorithm/projects/数据融合/prod/visual_server/backend/app/services/progress_ws.py", line 50, in _consume_loop
    conn = pika.BlockingConnection(pika.URLParameters(settings.rabbitmq_url))
  File "/Users/jiangshengping/wwwroot/shenzhen/spectrum/algorithm/projects/数据融合/prod/visual_server/backend/.venv/lib/python3.10/site-packages/pika/adapters/blocking_connection.py", line 360, in __init__
    self._impl = self._create_connection(parameters, _impl_class)
  File "/Users/jiangshengping/wwwroot/shenzhen/spectrum/algorithm/projects/数据融合/prod/visual_server/backend/.venv/lib/python3.10/site-packages/pika/adapters/blocking_connection.py", line 451, in _create_connection
    raise self._reap_last_connection_workflow_error(error)
pika.exceptions.AMQPConnectionError
mq consumer reconnecting
Traceback (most recent call last):
  File "/Users/jiangshengping/wwwroot/shenzhen/spectrum/algorithm/projects/数据融合/prod/visual_server/backend/app/services/progress_ws.py", line 50, in _consume_loop
    conn = pika.BlockingConnection(pika.URLParameters(settings.rabbitmq_url))
  File "/Users/jiangshengping/wwwroot/shenzhen/spectrum/algorithm/projects/数据融合/prod/visual_server/backend/.venv/lib/python3.10/site-packages/pika/adapters/blocking_connection.py", line 360, in __init__
    self._impl = self._create_connection(parameters, _impl_class)
  File "/Users/jiangshengping/wwwroot/shenzhen/spectrum/algorithm/projects/数据融合/prod/visual_server/backend/.venv/lib/python3.10/site-packages/pika/adapters/blocking_connection.py", line 451, in _create_connection
    raise self._reap_last_connection_workflow_error(error)
pika.exceptions.AMQPConnectionError
mq consumer reconnecting
Traceback (most recent call last):
  File "/Users/jiangshengping/wwwroot/shenzhen/spectrum/algorithm/projects/数据融合/prod/visual_server/backend/app/services/progress_ws.py", line 50, in _consume_loop
    conn = pika.BlockingConnection(pika.URLParameters(settings.rabbitmq_url))
  File "/Users/jiangshengping/wwwroot/shenzhen/spectrum/algorithm/projects/数据融合/prod/visual_server/backend/.venv/lib/python3.10/site-packages/pika/adapters/blocking_connection.py", line 360, in __init__
    self._impl = self._create_connection(parameters, _impl_class)
  File "/Users/jiangshengping/wwwroot/shenzhen/spectrum/algorithm/projects/数据融合/prod/visual_server/backend/.venv/lib/python3.10/site-packages/pika/adapters/blocking_connection.py", line 451, in _create_connection
    raise self._reap_last_connection_workflow_error(error)
pika.exceptions.AMQPConnectionError
mq consumer reconnecting
Traceback (most recent call last):
  File "/Users/jiangshengping/wwwroot/shenzhen/spectrum/algorithm/projects/数据融合/prod/visual_server/backend/app/services/progress_ws.py", line 50, in _consume_loop
    conn = pika.BlockingConnection(pika.URLParameters(settings.rabbitmq_url))
  File "/Users/jiangshengping/wwwroot/shenzhen/spectrum/algorithm/projects/数据融合/prod/visual_server/backend/.venv/lib/python3.10/site-packages/pika/adapters/blocking_connection.py", line 360, in __init__
    self._impl = self._create_connection(parameters, _impl_class)
  File "/Users/jiangshengping/wwwroot/shenzhen/spectrum/algorithm/projects/数据融合/prod/visual_server/backend/.venv/lib/python3.10/site-packages/pika/adapters/blocking_connection.py", line 451, in _create_connection
    raise self._reap_last_connection_workflow_error(error)
pika.exceptions.AMQPConnectionError
mq consumer reconnecting
Traceback (most recent call last):
  File "/Users/jiangshengping/wwwroot/shenzhen/spectrum/algorithm/projects/数据融合/prod/visual_server/backend/app/services/progress_ws.py", line 50, in _consume_loop
  File "/Users/jiangshengping/wwwroot/shenzhen/spectrum/algorithm/projects/数据融合/prod/visual_server/backend/.venv/lib/python3.10/site-packages/pika/adapters/blocking_connection.py", line 360, in __init__
  File "/Users/jiangshengping/wwwroot/shenzhen/spectrum/algorithm/projects/数据融合/prod/visual_server/backend/.venv/lib/python3.10/site-packages/pika/adapters/blocking_connection.py", line 451, in _create_connection
pika.exceptions.AMQPConnectionError
mq consumer reconnecting
Traceback (most recent call last):
  File "/Users/jiangshengping/wwwroot/shenzhen/spectrum/algorithm/projects/数据融合/prod/visual_server/backend/app/services/progress_ws.py", line 50, in _consume_loop
  File "/Users/jiangshengping/wwwroot/shenzhen/spectrum/algorithm/projects/数据融合/prod/visual_server/backend/.venv/lib/python3.10/site-packages/pika/adapters/blocking_connection.py", line 360, in __init__
  File "/Users/jiangshengping/wwwroot/shenzhen/spectrum/algorithm/projects/数据融合/prod/visual_server/backend/.venv/lib/python3.10/site-packages/pika/adapters/blocking_connection.py", line 451, in _create_connection
pika.exceptions.AMQPConnectionError
mq consumer reconnecting
Traceback (most recent call last):
  File "/Users/jiangshengping/wwwroot/shenzhen/spectrum/algorithm/projects/数据融合/prod/visual_server/backend/app/services/progress_ws.py", line 50, in _consume_loop
  File "/Users/jiangshengping/wwwroot/shenzhen/spectrum/algorithm/projects/数据融合/prod/visual_server/backend/.venv/lib/python3.10/site-packages/pika/adapters/blocking_connection.py", line 360, in __init__
  File "/Users/jiangshengping/wwwroot/shenzhen/spectrum/algorithm/projects/数据融合/prod/visual_server/backend/.venv/lib/python3.10/site-packages/pika/adapters/blocking_connection.py", line 451, in _create_connection
pika.exceptions.AMQPConnectionError
mq consumer reconnecting
Traceback (most recent call last):
  File "/Users/jiangshengping/wwwroot/shenzhen/spectrum/algorithm/projects/数据融合/prod/visual_server/backend/app/services/progress_ws.py", line 50, in _consume_loop
  File "/Users/jiangshengping/wwwroot/shenzhen/spectrum/algorithm/projects/数据融合/prod/visual_server/backend/.venv/lib/python3.10/site-packages/pika/adapters/blocking_connection.py", line 360, in __init__
  File "/Users/jiangshengping/wwwroot/shenzhen/spectrum/algorithm/projects/数据融合/prod/visual_server/backend/.venv/lib/python3.10/site-packages/pika/adapters/blocking_connection.py", line 451, in _create_connection
pika.exceptions.AMQPConnectionError
mq consumer reconnecting
Traceback (most recent call last):
  File "/Users/jiangshengping/wwwroot/shenzhen/spectrum/algorithm/projects/数据融合/prod/visual_server/backend/app/services/progress_ws.py", line 50, in _consume_loop
  File "/Users/jiangshengping/wwwroot/shenzhen/spectrum/algorithm/projects/数据融合/prod/visual_server/backend/.venv/lib/python3.10/site-packages/pika/adapters/blocking_connection.py", line 360, in __init__
  File "/Users/jiangshengping/wwwroot/shenzhen/spectrum/algorithm/projects/数据融合/prod/visual_server/backend/.venv/lib/python3.10/site-packages/pika/adapters/blocking_connection.py", line 451, in _create_connection
pika.exceptions.AMQPConnectionError
mq consumer reconnecting
Traceback (most recent call last):
  File "/Users/jiangshengping/wwwroot/shenzhen/spectrum/algorithm/projects/数据融合/prod/visual_server/backend/app/services/progress_ws.py", line 50, in _consume_loop
  File "/Users/jiangshengping/wwwroot/shenzhen/spectrum/algorithm/projects/数据融合/prod/visual_server/backend/.venv/lib/python3.10/site-packages/pika/adapters/blocking_connection.py", line 360, in __init__
  File "/Users/jiangshengping/wwwroot/shenzhen/spectrum/algorithm/projects/数据融合/prod/visual_server/backend/.venv/lib/python3.10/site-packages/pika/adapters/blocking_connection.py", line 451, in _create_connection
pika.exceptions.AMQPConnectionError
mq consumer reconnecting
Traceback (most recent call last):
  File "/Users/jiangshengping/wwwroot/shenzhen/spectrum/algorithm/projects/数据融合/prod/visual_server/backend/app/services/progress_ws.py", line 50, in _consume_loop
  File "/Users/jiangshengping/wwwroot/shenzhen/spectrum/algorithm/projects/数据融合/prod/visual_server/backend/.venv/lib/python3.10/site-packages/pika/adapters/blocking_connection.py", line 360, in __init__
  File "/Users/jiangshengping/wwwroot/shenzhen/spectrum/algorithm/projects/数据融合/prod/visual_server/backend/.venv/lib/python3.10/site-packages/pika/adapters/blocking_connection.py", line 451, in _create_connection
pika.exceptions.AMQPConnectionError
mq consumer reconnecting
Traceback (most recent call last):
  File "/Users/jiangshengping/wwwroot/shenzhen/spectrum/algorithm/projects/数据融合/prod/visual_server/backend/app/services/progress_ws.py", line 50, in _consume_loop
  File "/Users/jiangshengping/wwwroot/shenzhen/spectrum/algorithm/projects/数据融合/prod/visual_server/backend/.venv/lib/python3.10/site-packages/pika/adapters/blocking_connection.py", line 360, in __init__
  File "/Users/jiangshengping/wwwroot/shenzhen/spectrum/algorithm/projects/数据融合/prod/visual_server/backend/.venv/lib/python3.10/site-packages/pika/adapters/blocking_connection.py", line 451, in _create_connection
pika.exceptions.AMQPConnectionError
mq consumer reconnecting
Traceback (most recent call last):
  File "/Users/jiangshengping/wwwroot/shenzhen/spectrum/algorithm/projects/数据融合/prod/visual_server/backend/app/services/progress_ws.py", line 50, in _consume_loop
  File "/Users/jiangshengping/wwwroot/shenzhen/spectrum/algorithm/projects/数据融合/prod/visual_server/backend/.venv/lib/python3.10/site-packages/pika/adapters/blocking_connection.py", line 360, in __init__
  File "/Users/jiangshengping/wwwroot/shenzhen/spectrum/algorithm/projects/数据融合/prod/visual_server/backend/.venv/lib/python3.10/site-packages/pika/adapters/blocking_connection.py", line 451, in _create_connection
pika.exceptions.AMQPConnectionError
mq consumer reconnecting
Traceback (most recent call last):
  File "/Users/jiangshengping/wwwroot/shenzhen/spectrum/algorithm/projects/数据融合/prod/visual_server/backend/app/services/progress_ws.py", line 50, in _consume_loop
  File "/Users/jiangshengping/wwwroot/shenzhen/spectrum/algorithm/projects/数据融合/prod/visual_server/backend/.venv/lib/python3.10/site-packages/pika/adapters/blocking_connection.py", line 360, in __init__
  File "/Users/jiangshengping/wwwroot/shenzhen/spectrum/algorithm/projects/数据融合/prod/visual_server/backend/.venv/lib/python3.10/site-packages/pika/adapters/blocking_connection.py", line 451, in _create_connection
pika.exceptions.AMQPConnectionError
mq consumer reconnecting
Traceback (most recent call last):
  File "/Users/jiangshengping/wwwroot/shenzhen/spectrum/algorithm/projects/数据融合/prod/visual_server/backend/app/services/progress_ws.py", line 50, in _consume_loop
  File "/Users/jiangshengping/wwwroot/shenzhen/spectrum/algorithm/projects/数据融合/prod/visual_server/backend/.venv/lib/python3.10/site-packages/pika/adapters/blocking_connection.py", line 360, in __init__
  File "/Users/jiangshengping/wwwroot/shenzhen/spectrum/algorithm/projects/数据融合/prod/visual_server/backend/.venv/lib/python3.10/site-packages/pika/adapters/blocking_connection.py", line 451, in _create_connection
pika.exceptions.AMQPConnectionError
mq consumer reconnecting
Traceback (most recent call last):
  File "/Users/jiangshengping/wwwroot/shenzhen/spectrum/algorithm/projects/数据融合/prod/visual_server/backend/app/services/progress_ws.py", line 50, in _consume_loop
  File "/Users/jiangshengping/wwwroot/shenzhen/spectrum/algorithm/projects/数据融合/prod/visual_server/backend/.venv/lib/python3.10/site-packages/pika/adapters/blocking_connection.py", line 360, in __init__
  File "/Users/jiangshengping/wwwroot/shenzhen/spectrum/algorithm/projects/数据融合/prod/visual_server/backend/.venv/lib/python3.10/site-packages/pika/adapters/blocking_connection.py", line 451, in _create_connection
pika.exceptions.AMQPConnectionError
mq consumer reconnecting
Traceback (most recent call last):
  File "/Users/jiangshengping/wwwroot/shenzhen/spectrum/algorithm/projects/数据融合/prod/visual_server/backend/app/services/progress_ws.py", line 50, in _consume_loop
  File "/Users/jiangshengping/wwwroot/shenzhen/spectrum/algorithm/projects/数据融合/prod/visual_server/backend/.venv/lib/python3.10/site-packages/pika/adapters/blocking_connection.py", line 360, in __init__
  File "/Users/jiangshengping/wwwroot/shenzhen/spectrum/algorithm/projects/数据融合/prod/visual_server/backend/.venv/lib/python3.10/site-packages/pika/adapters/blocking_connection.py", line 451, in _create_connection
pika.exceptions.AMQPConnectionError
mq consumer reconnecting
Traceback (most recent call last):
  File "/Users/jiangshengping/wwwroot/shenzhen/spectrum/algorithm/projects/数据融合/prod/visual_server/backend/app/services/progress_ws.py", line 50, in _consume_loop
  File "/Users/jiangshengping/wwwroot/shenzhen/spectrum/algorithm/projects/数据融合/prod/visual_server/backend/.venv/lib/python3.10/site-packages/pika/adapters/blocking_connection.py", line 360, in __init__
  File "/Users/jiangshengping/wwwroot/shenzhen/spectrum/algorithm/projects/数据融合/prod/visual_server/backend/.venv/lib/python3.10/site-packages/pika/adapters/blocking_connection.py", line 451, in _create_connection
pika.exceptions.AMQPConnectionError
mq consumer reconnecting
Traceback (most recent call last):
  File "/Users/jiangshengping/wwwroot/shenzhen/spectrum/algorithm/projects/数据融合/prod/visual_server/backend/app/services/progress_ws.py", line 50, in _consume_loop
  File "/Users/jiangshengping/wwwroot/shenzhen/spectrum/algorithm/projects/数据融合/prod/visual_server/backend/.venv/lib/python3.10/site-packages/pika/adapters/blocking_connection.py", line 360, in __init__
  File "/Users/jiangshengping/wwwroot/shenzhen/spectrum/algorithm/projects/数据融合/prod/visual_server/backend/.venv/lib/python3.10/site-packages/pika/adapters/blocking_connection.py", line 451, in _create_connection
pika.exceptions.AMQPConnectionError
mq consumer reconnecting
Traceback (most recent call last):
  File "/Users/jiangshengping/wwwroot/shenzhen/spectrum/algorithm/projects/数据融合/prod/visual_server/backend/app/services/progress_ws.py", line 50, in _consume_loop
  File "/Users/jiangshengping/wwwroot/shenzhen/spectrum/algorithm/projects/数据融合/prod/visual_server/backend/.venv/lib/python3.10/site-packages/pika/adapters/blocking_connection.py", line 360, in __init__
  File "/Users/jiangshengping/wwwroot/shenzhen/spectrum/algorithm/projects/数据融合/prod/visual_server/backend/.venv/lib/python3.10/site-packages/pika/adapters/blocking_connection.py", line 451, in _create_connection
pika.exceptions.AMQPConnectionError
mq consumer reconnecting
Traceback (most recent call last):
  File "/Users/jiangshengping/wwwroot/shenzhen/spectrum/algorithm/projects/数据融合/prod/visual_server/backend/app/services/progress_ws.py", line 50, in _consume_loop
  File "/Users/jiangshengping/wwwroot/shenzhen/spectrum/algorithm/projects/数据融合/prod/visual_server/backend/.venv/lib/python3.10/site-packages/pika/adapters/blocking_connection.py", line 360, in __init__
  File "/Users/jiangshengping/wwwroot/shenzhen/spectrum/algorithm/projects/数据融合/prod/visual_server/backend/.venv/lib/python3.10/site-packages/pika/adapters/blocking_connection.py", line 451, in _create_connection
pika.exceptions.AMQPConnectionError
mq consumer reconnecting
Traceback (most recent call last):
  File "/Users/jiangshengping/wwwroot/shenzhen/spectrum/algorithm/projects/数据融合/prod/visual_server/backend/app/services/progress_ws.py", line 50, in _consume_loop
  File "/Users/jiangshengping/wwwroot/shenzhen/spectrum/algorithm/projects/数据融合/prod/visual_server/backend/.venv/lib/python3.10/site-packages/pika/adapters/blocking_connection.py", line 360, in __init__
  File "/Users/jiangshengping/wwwroot/shenzhen/spectrum/algorithm/projects/数据融合/prod/visual_server/backend/.venv/lib/python3.10/site-packages/pika/adapters/blocking_connection.py", line 451, in _create_connection
pika.exceptions.AMQPConnectionError
mq consumer reconnecting
Traceback (most recent call last):
  File "/Users/jiangshengping/wwwroot/shenzhen/spectrum/algorithm/projects/数据融合/prod/visual_server/backend/app/services/progress_ws.py", line 50, in _consume_loop
  File "/Users/jiangshengping/wwwroot/shenzhen/spectrum/algorithm/projects/数据融合/prod/visual_server/backend/.venv/lib/python3.10/site-packages/pika/adapters/blocking_connection.py", line 360, in __init__
  File "/Users/jiangshengping/wwwroot/shenzhen/spectrum/algorithm/projects/数据融合/prod/visual_server/backend/.venv/lib/python3.10/site-packages/pika/adapters/blocking_connection.py", line 451, in _create_connection
pika.exceptions.AMQPConnectionError
mq consumer reconnecting
Traceback (most recent call last):
  File "/Users/jiangshengping/wwwroot/shenzhen/spectrum/algorithm/projects/数据融合/prod/visual_server/backend/app/services/progress_ws.py", line 50, in _consume_loop
  File "/Users/jiangshengping/wwwroot/shenzhen/spectrum/algorithm/projects/数据融合/prod/visual_server/backend/.venv/lib/python3.10/site-packages/pika/adapters/blocking_connection.py", line 360, in __init__
  File "/Users/jiangshengping/wwwroot/shenzhen/spectrum/algorithm/projects/数据融合/prod/visual_server/backend/.venv/lib/python3.10/site-packages/pika/adapters/blocking_connection.py", line 451, in _create_connection
pika.exceptions.AMQPConnectionError
mq consumer reconnecting
Traceback (most recent call last):
  File "/Users/jiangshengping/wwwroot/shenzhen/spectrum/algorithm/projects/数据融合/prod/visual_server/backend/app/services/progress_ws.py", line 50, in _consume_loop
  File "/Users/jiangshengping/wwwroot/shenzhen/spectrum/algorithm/projects/数据融合/prod/visual_server/backend/.venv/lib/python3.10/site-packages/pika/adapters/blocking_connection.py", line 360, in __init__
  File "/Users/jiangshengping/wwwroot/shenzhen/spectrum/algorithm/projects/数据融合/prod/visual_server/backend/.venv/lib/python3.10/site-packages/pika/adapters/blocking_connection.py", line 451, in _create_connection
pika.exceptions.AMQPConnectionError
mq consumer reconnecting
Traceback (most recent call last):
  File "/Users/jiangshengping/wwwroot/shenzhen/spectrum/algorithm/projects/数据融合/prod/visual_server/backend/app/services/progress_ws.py", line 50, in _consume_loop
  File "/Users/jiangshengping/wwwroot/shenzhen/spectrum/algorithm/projects/数据融合/prod/visual_server/backend/.venv/lib/python3.10/site-packages/pika/adapters/blocking_connection.py", line 360, in __init__
  File "/Users/jiangshengping/wwwroot/shenzhen/spectrum/algorithm/projects/数据融合/prod/visual_server/backend/.venv/lib/python3.10/site-packages/pika/adapters/blocking_connection.py", line 451, in _create_connection
pika.exceptions.AMQPConnectionError
mq consumer reconnecting
Traceback (most recent call last):
  File "/Users/jiangshengping/wwwroot/shenzhen/spectrum/algorithm/projects/数据融合/prod/visual_server/backend/app/services/progress_ws.py", line 50, in _consume_loop
  File "/Users/jiangshengping/wwwroot/shenzhen/spectrum/algorithm/projects/数据融合/prod/visual_server/backend/.venv/lib/python3.10/site-packages/pika/adapters/blocking_connection.py", line 360, in __init__
  File "/Users/jiangshengping/wwwroot/shenzhen/spectrum/algorithm/projects/数据融合/prod/visual_server/backend/.venv/lib/python3.10/site-packages/pika/adapters/blocking_connection.py", line 451, in _create_connection
pika.exceptions.AMQPConnectionError
mq consumer reconnecting
Traceback (most recent call last):
  File "/Users/jiangshengping/wwwroot/shenzhen/spectrum/algorithm/projects/数据融合/prod/visual_server/backend/app/services/progress_ws.py", line 50, in _consume_loop
  File "/Users/jiangshengping/wwwroot/shenzhen/spectrum/algorithm/projects/数据融合/prod/visual_server/backend/.venv/lib/python3.10/site-packages/pika/adapters/blocking_connection.py", line 360, in __init__
  File "/Users/jiangshengping/wwwroot/shenzhen/spectrum/algorithm/projects/数据融合/prod/visual_server/backend/.venv/lib/python3.10/site-packages/pika/adapters/blocking_connection.py", line 451, in _create_connection
pika.exceptions.AMQPConnectionError
mq consumer reconnecting
Traceback (most recent call last):
  File "/Users/jiangshengping/wwwroot/shenzhen/spectrum/algorithm/projects/数据融合/prod/visual_server/backend/app/services/progress_ws.py", line 50, in _consume_loop
  File "/Users/jiangshengping/wwwroot/shenzhen/spectrum/algorithm/projects/数据融合/prod/visual_server/backend/.venv/lib/python3.10/site-packages/pika/adapters/blocking_connection.py", line 360, in __init__
  File "/Users/jiangshengping/wwwroot/shenzhen/spectrum/algorithm/projects/数据融合/prod/visual_server/backend/.venv/lib/python3.10/site-packages/pika/adapters/blocking_connection.py", line 451, in _create_connection
pika.exceptions.AMQPConnectionError
mq consumer reconnecting
Traceback (most recent call last):
  File "/Users/jiangshengping/wwwroot/shenzhen/spectrum/algorithm/projects/数据融合/prod/visual_server/backend/app/services/progress_ws.py", line 50, in _consume_loop
  File "/Users/jiangshengping/wwwroot/shenzhen/spectrum/algorithm/projects/数据融合/prod/visual_server/backend/.venv/lib/python3.10/site-packages/pika/adapters/blocking_connection.py", line 360, in __init__
  File "/Users/jiangshengping/wwwroot/shenzhen/spectrum/algorithm/projects/数据融合/prod/visual_server/backend/.venv/lib/python3.10/site-packages/pika/adapters/blocking_connection.py", line 451, in _create_connection
pika.exceptions.AMQPConnectionError
mq consumer reconnecting
Traceback (most recent call last):
  File "/Users/jiangshengping/wwwroot/shenzhen/spectrum/algorithm/projects/数据融合/prod/visual_server/backend/app/services/progress_ws.py", line 50, in _consume_loop
  File "/Users/jiangshengping/wwwroot/shenzhen/spectrum/algorithm/projects/数据融合/prod/visual_server/backend/.venv/lib/python3.10/site-packages/pika/adapters/blocking_connection.py", line 360, in __init__
  File "/Users/jiangshengping/wwwroot/shenzhen/spectrum/algorithm/projects/数据融合/prod/visual_server/backend/.venv/lib/python3.10/site-packages/pika/adapters/blocking_connection.py", line 451, in _create_connection
pika.exceptions.AMQPConnectionError
mq consumer reconnecting
Traceback (most recent call last):
  File "/Users/jiangshengping/wwwroot/shenzhen/spectrum/algorithm/projects/数据融合/prod/visual_server/backend/app/services/progress_ws.py", line 50, in _consume_loop
  File "/Users/jiangshengping/wwwroot/shenzhen/spectrum/algorithm/projects/数据融合/prod/visual_server/backend/.venv/lib/python3.10/site-packages/pika/adapters/blocking_connection.py", line 360, in __init__
  File "/Users/jiangshengping/wwwroot/shenzhen/spectrum/algorithm/projects/数据融合/prod/visual_server/backend/.venv/lib/python3.10/site-packages/pika/adapters/blocking_connection.py", line 451, in _create_connection
pika.exceptions.AMQPConnectionError
mq consumer reconnecting
Traceback (most recent call last):
  File "/Users/jiangshengping/wwwroot/shenzhen/spectrum/algorithm/projects/数据融合/prod/visual_server/backend/app/services/progress_ws.py", line 50, in _consume_loop
  File "/Users/jiangshengping/wwwroot/shenzhen/spectrum/algorithm/projects/数据融合/prod/visual_server/backend/.venv/lib/python3.10/site-packages/pika/adapters/blocking_connection.py", line 360, in __init__
  File "/Users/jiangshengping/wwwroot/shenzhen/spectrum/algorithm/projects/数据融合/prod/visual_server/backend/.venv/lib/python3.10/site-packages/pika/adapters/blocking_connection.py", line 451, in _create_connection
pika.exceptions.AMQPConnectionError
mq consumer reconnecting
Traceback (most recent call last):
  File "/Users/jiangshengping/wwwroot/shenzhen/spectrum/algorithm/projects/数据融合/prod/visual_server/backend/app/services/progress_ws.py", line 50, in _consume_loop
  File "/Users/jiangshengping/wwwroot/shenzhen/spectrum/algorithm/projects/数据融合/prod/visual_server/backend/.venv/lib/python3.10/site-packages/pika/adapters/blocking_connection.py", line 360, in __init__
  File "/Users/jiangshengping/wwwroot/shenzhen/spectrum/algorithm/projects/数据融合/prod/visual_server/backend/.venv/lib/python3.10/site-packages/pika/adapters/blocking_connection.py", line 451, in _create_connection
pika.exceptions.AMQPConnectionError
mq consumer reconnecting
Traceback (most recent call last):
  File "/Users/jiangshengping/wwwroot/shenzhen/spectrum/algorithm/projects/数据融合/prod/visual_server/backend/app/services/progress_ws.py", line 50, in _consume_loop
  File "/Users/jiangshengping/wwwroot/shenzhen/spectrum/algorithm/projects/数据融合/prod/visual_server/backend/.venv/lib/python3.10/site-packages/pika/adapters/blocking_connection.py", line 360, in __init__
  File "/Users/jiangshengping/wwwroot/shenzhen/spectrum/algorithm/projects/数据融合/prod/visual_server/backend/.venv/lib/python3.10/site-packages/pika/adapters/blocking_connection.py", line 451, in _create_connection
pika.exceptions.AMQPConnectionError
mq consumer reconnecting
Traceback (most recent call last):
  File "/Users/jiangshengping/wwwroot/shenzhen/spectrum/algorithm/projects/数据融合/prod/visual_server/backend/app/services/progress_ws.py", line 50, in _consume_loop
  File "/Users/jiangshengping/wwwroot/shenzhen/spectrum/algorithm/projects/数据融合/prod/visual_server/backend/.venv/lib/python3.10/site-packages/pika/adapters/blocking_connection.py", line 360, in __init__
  File "/Users/jiangshengping/wwwroot/shenzhen/spectrum/algorithm/projects/数据融合/prod/visual_server/backend/.venv/lib/python3.10/site-packages/pika/adapters/blocking_connection.py", line 451, in _create_connection
pika.exceptions.AMQPConnectionError
mq consumer reconnecting
Traceback (most recent call last):
  File "/Users/jiangshengping/wwwroot/shenzhen/spectrum/algorithm/projects/数据融合/prod/visual_server/backend/app/services/progress_ws.py", line 50, in _consume_loop
  File "/Users/jiangshengping/wwwroot/shenzhen/spectrum/algorithm/projects/数据融合/prod/visual_server/backend/.venv/lib/python3.10/site-packages/pika/adapters/blocking_connection.py", line 360, in __init__
  File "/Users/jiangshengping/wwwroot/shenzhen/spectrum/algorithm/projects/数据融合/prod/visual_server/backend/.venv/lib/python3.10/site-packages/pika/adapters/blocking_connection.py", line 451, in _create_connection
pika.exceptions.AMQPConnectionError
mq consumer reconnecting
Traceback (most recent call last):
  File "/Users/jiangshengping/wwwroot/shenzhen/spectrum/algorithm/projects/数据融合/prod/visual_server/backend/app/services/progress_ws.py", line 50, in _consume_loop
  File "/Users/jiangshengping/wwwroot/shenzhen/spectrum/algorithm/projects/数据融合/prod/visual_server/backend/.venv/lib/python3.10/site-packages/pika/adapters/blocking_connection.py", line 360, in __init__
  File "/Users/jiangshengping/wwwroot/shenzhen/spectrum/algorithm/projects/数据融合/prod/visual_server/backend/.venv/lib/python3.10/site-packages/pika/adapters/blocking_connection.py", line 451, in _create_connection
pika.exceptions.AMQPConnectionError
INFO:     Shutting down
INFO:     Waiting for application shutdown.
INFO:     Application shutdown complete.
INFO:     Finished server process [88160]
